task,model,arm,row,group,raw,GROUNDING,BIOLOGY,COHERENCE,SPECIFICITY,NO_FABRICATION,CLINICAL_USE,MEAN
T1_atn,qwen7b,genuine,11,326765653,SCORES: GROUNDING=4 BIOLOGY=4 COHERENCE=4 SPECIFICITY=4 NO_FABRICATION=4 CLINICAL_USE=3,4.0,4.0,4.0,4.0,4.0,3.0,3.8333333333333335
T1_atn,qwen7b,shuffled,275,326765689,SCORES: GROUNDING=2 BIOLOGY=3 COHERENCE=3 SPECIFICITY=2 NO_FABRICATION=4 CLINICAL_USE=3,2.0,3.0,3.0,2.0,4.0,3.0,2.833333333333333
T1_atn,qwen7b,genuine,101,326765654,SCORES: GROUNDING=4 BIOLOGY=4 COHERENCE=4 SPECIFICITY=3 NO_FABRICATION=4 CLINICAL_USE=3,4.0,4.0,4.0,3.0,4.0,3.0,3.6666666666666665
T1_atn,qwen7b,genuine,272,326765648,SCORES: GROUNDING=4 BIOLOGY=4 COHERENCE=4 SPECIFICITY=4 NO_FABRICATION=4 CLINICAL_USE=4,4.0,4.0,4.0,4.0,4.0,4.0,4.0
T1_atn,qwen7b,genuine,209,309335453,SCORES: GROUNDING=4 BIOLOGY=4 COHERENCE=4 SPECIFICITY=3 NO_FABRICATION=4 CLINICAL_USE=3,4.0,4.0,4.0,3.0,4.0,3.0,3.6666666666666665
T1_atn,qwen7b,shuffled,158,467056406,SCORES: GROUNDING=2 BIOLOGY=3 COHERENCE=2 SPECIFICITY=1 NO_FABRICATION=3 CLINICAL_USE=2,2.0,3.0,2.0,1.0,3.0,2.0,2.1666666666666665
T1_atn,qwen7b,shuffled,339,309335486,SCORES: GROUNDING=3 BIOLOGY=4 COHERENCE=3 SPECIFICITY=2 NO_FABRICATION=3 CLINICAL_USE=2,3.0,4.0,3.0,2.0,3.0,2.0,2.833333333333333
T1_atn,qwen7b,shuffled,151,326765658,SCORES: GROUNDING=3 BIOLOGY=4 COHERENCE=3 SPECIFICITY=2 NO_FABRICATION=4 CLINICAL_USE=3,3.0,4.0,3.0,2.0,4.0,3.0,3.1666666666666665
T1_atn,qwen7b,shuffled,372,326765653,SCORES: GROUNDING=0 BIOLOGY=3 COHERENCE=2 SPECIFICITY=0 NO_FABRICATION=3 CLINICAL_USE=1,0.0,3.0,2.0,0.0,3.0,1.0,1.5
T1_atn,qwen7b,genuine,362,309335489,SCORES: GROUNDING=4 BIOLOGY=4 COHERENCE=4 SPECIFICITY=4 NO_FABRICATION=4 CLINICAL_USE=4,4.0,4.0,4.0,4.0,4.0,4.0,4.0
T1_atn,qwen7b,genuine,313,309335460,SCORES: GROUNDING=4 BIOLOGY=4 COHERENCE=4 SPECIFICITY=4 NO_FABRICATION=4 CLINICAL_USE=4,4.0,4.0,4.0,4.0,4.0,4.0,4.0
T1_atn,qwen7b,shuffled,63,309335482,SCORES: GROUNDING=3 BIOLOGY=4 COHERENCE=3 SPECIFICITY=2 NO_FABRICATION=4 CLINICAL_USE=3,3.0,4.0,3.0,2.0,4.0,3.0,3.1666666666666665
T1_atn,qwen7b,genuine,346,309335438,SCORES: GROUNDING=4 BIOLOGY=4 COHERENCE=4 SPECIFICITY=4 NO_FABRICATION=4 CLINICAL_USE=4,4.0,4.0,4.0,4.0,4.0,4.0,4.0
T1_atn,qwen7b,genuine,167,309335477,SCORES: GROUNDING=4 BIOLOGY=4 COHERENCE=4 SPECIFICITY=3 NO_FABRICATION=4 CLINICAL_USE=3,4.0,4.0,4.0,3.0,4.0,3.0,3.6666666666666665
T1_atn,qwen7b,shuffled,169,309335487,SCORES: GROUNDING=2 BIOLOGY=3 COHERENCE=3 SPECIFICITY=2 NO_FABRICATION=4 CLINICAL_USE=3,2.0,3.0,3.0,2.0,4.0,3.0,2.833333333333333
T1_atn,qwen7b,genuine,116,309335479,SCORES: GROUNDING=3 BIOLOGY=4 COHERENCE=3 SPECIFICITY=2 NO_FABRICATION=4 CLINICAL_USE=3,3.0,4.0,3.0,2.0,4.0,3.0,3.1666666666666665
T1_atn,qwen7b,genuine,88,309335451,SCORES: GROUNDING=4 BIOLOGY=4 COHERENCE=4 SPECIFICITY=4 NO_FABRICATION=4 CLINICAL_USE=4,4.0,4.0,4.0,4.0,4.0,4.0,4.0
T1_atn,qwen7b,shuffled,135,326765662,SCORES: GROUNDING=2 BIOLOGY=3 COHERENCE=3 SPECIFICITY=2 NO_FABRICATION=3 CLINICAL_USE=2,2.0,3.0,3.0,2.0,3.0,2.0,2.5
T1_atn,qwen7b,genuine,151,326765658,SCORES: GROUNDING=4 BIOLOGY=4 COHERENCE=4 SPECIFICITY=4 NO_FABRICATION=4 CLINICAL_USE=4,4.0,4.0,4.0,4.0,4.0,4.0,4.0
T1_atn,qwen7b,shuffled,77,467056406,SCORES: GROUNDING=3 BIOLOGY=4 COHERENCE=3 SPECIFICITY=2 NO_FABRICATION=4 CLINICAL_USE=2,3.0,4.0,3.0,2.0,4.0,2.0,3.0
T1_atn,qwen7b,shuffled,332,309335471,SCORES: GROUNDING=2 BIOLOGY=3 COHERENCE=2 SPECIFICITY=1 NO_FABRICATION=3 CLINICAL_USE=2,2.0,3.0,2.0,1.0,3.0,2.0,2.1666666666666665
T1_atn,qwen7b,shuffled,324,467056406,SCORES: GROUNDING=2 BIOLOGY=3 COHERENCE=3 SPECIFICITY=2 NO_FABRICATION=4 CLINICAL_USE=3,2.0,3.0,3.0,2.0,4.0,3.0,2.833333333333333
T1_atn,qwen7b,genuine,349,326765682,SCORES: GROUNDING=2 BIOLOGY=4 COHERENCE=3 SPECIFICITY=2 NO_FABRICATION=4 CLINICAL_USE=3,2.0,4.0,3.0,2.0,4.0,3.0,3.0
T1_atn,qwen7b,shuffled,3,326765668,SCORES: GROUNDING=3 BIOLOGY=4 COHERENCE=3 SPECIFICITY=2 NO_FABRICATION=3 CLINICAL_USE=3,3.0,4.0,3.0,2.0,3.0,3.0,3.0
T1_atn,qwen7b,shuffled,140,326765669,SCORES: GROUNDING=2 BIOLOGY=3 COHERENCE=3 SPECIFICITY=2 NO_FABRICATION=3 CLINICAL_USE=3,2.0,3.0,3.0,2.0,3.0,3.0,2.6666666666666665
T1_atn,qwen7b,genuine,288,309335471,SCORES: GROUNDING=4 BIOLOGY=4 COHERENCE=4 SPECIFICITY=4 NO_FABRICATION=4 CLINICAL_USE=4,4.0,4.0,4.0,4.0,4.0,4.0,4.0
T1_atn,qwen7b,genuine,105,326765659,SCORES: GROUNDING=4 BIOLOGY=4 COHERENCE=4 SPECIFICITY=4 NO_FABRICATION=4 CLINICAL_USE=3,4.0,4.0,4.0,4.0,4.0,3.0,3.8333333333333335
T1_atn,qwen7b,shuffled,247,309335489,SCORES: GROUNDING=2 BIOLOGY=3 COHERENCE=3 SPECIFICITY=2 NO_FABRICATION=3 CLINICAL_USE=3,2.0,3.0,3.0,2.0,3.0,3.0,2.6666666666666665
T1_atn,qwen7b,shuffled,219,326765673,SCORES: GROUNDING=3 BIOLOGY=4 COHERENCE=3 SPECIFICITY=2 NO_FABRICATION=4 CLINICAL_USE=3,3.0,4.0,3.0,2.0,4.0,3.0,3.1666666666666665
T1_atn,qwen7b,genuine,177,309335495,SCORES: GROUNDING=4 BIOLOGY=4 COHERENCE=4 SPECIFICITY=3 NO_FABRICATION=4 CLINICAL_USE=3,4.0,4.0,4.0,3.0,4.0,3.0,3.6666666666666665
T1_atn,qwen7b,genuine,12,326765676,SCORES: GROUNDING=3 BIOLOGY=4 COHERENCE=4 SPECIFICITY=3 NO_FABRICATION=4 CLINICAL_USE=3,3.0,4.0,4.0,3.0,4.0,3.0,3.5
T1_atn,qwen7b,genuine,300,309335469,SCORES: GROUNDING=3 BIOLOGY=4 COHERENCE=3 SPECIFICITY=2 NO_FABRICATION=4 CLINICAL_USE=3,3.0,4.0,3.0,2.0,4.0,3.0,3.1666666666666665
T1_atn,qwen7b,genuine,311,326765678,SCORES: GROUNDING=4 BIOLOGY=4 COHERENCE=4 SPECIFICITY=4 NO_FABRICATION=4 CLINICAL_USE=4,4.0,4.0,4.0,4.0,4.0,4.0,4.0
T1_atn,qwen7b,genuine,211,309335463,SCORES: GROUNDING=4 BIOLOGY=4 COHERENCE=4 SPECIFICITY=4 NO_FABRICATION=4 CLINICAL_USE=4,4.0,4.0,4.0,4.0,4.0,4.0,4.0
T1_atn,qwen7b,shuffled,306,326765686,SCORES: GROUNDING=2 BIOLOGY=3 COHERENCE=3 SPECIFICITY=2 NO_FABRICATION=4 CLINICAL_USE=3,2.0,3.0,3.0,2.0,4.0,3.0,2.833333333333333
T1_atn,qwen7b,genuine,92,309335491,SCORES: GROUNDING=3 BIOLOGY=4 COHERENCE=3 SPECIFICITY=2 NO_FABRICATION=4 CLINICAL_USE=3,3.0,4.0,3.0,2.0,4.0,3.0,3.1666666666666665
T1_atn,qwen7b,genuine,6,326765677,SCORES: GROUNDING=4 BIOLOGY=4 COHERENCE=4 SPECIFICITY=4 NO_FABRICATION=4 CLINICAL_USE=4,4.0,4.0,4.0,4.0,4.0,4.0,4.0
T1_atn,qwen7b,shuffled,292,309335440,SCORES: GROUNDING=0 BIOLOGY=3 COHERENCE=3 SPECIFICITY=0 NO_FABRICATION=3 CLINICAL_USE=2,0.0,3.0,3.0,0.0,3.0,2.0,1.8333333333333333
T1_atn,qwen7b,shuffled,279,326765656,SCORES: GROUNDING=3 BIOLOGY=4 COHERENCE=3 SPECIFICITY=2 NO_FABRICATION=4 CLINICAL_USE=3,3.0,4.0,3.0,2.0,4.0,3.0,3.1666666666666665
T1_atn,qwen7b,genuine,140,326765669,SCORES: GROUNDING=4 BIOLOGY=4 COHERENCE=4 SPECIFICITY=4 NO_FABRICATION=4 CLINICAL_USE=4,4.0,4.0,4.0,4.0,4.0,4.0,4.0
T1_atn,qwen7b,shuffled,242,467056409,SCORES: GROUNDING=2 BIOLOGY=3 COHERENCE=3 SPECIFICITY=2 NO_FABRICATION=4 CLINICAL_USE=3,2.0,3.0,3.0,2.0,4.0,3.0,2.833333333333333
T1_atn,qwen7b,shuffled,237,326765649,SCORES: GROUNDING=4 BIOLOGY=4 COHERENCE=4 SPECIFICITY=3 NO_FABRICATION=4 CLINICAL_USE=3,4.0,4.0,4.0,3.0,4.0,3.0,3.6666666666666665
T1_atn,qwen7b,shuffled,241,309335444,SCORES: GROUNDING=2 BIOLOGY=3 COHERENCE=2 SPECIFICITY=1 NO_FABRICATION=3 CLINICAL_USE=2,2.0,3.0,2.0,1.0,3.0,2.0,2.1666666666666665
T1_atn,qwen7b,shuffled,288,309335471,SCORES: GROUNDING=2 BIOLOGY=3 COHERENCE=2 SPECIFICITY=1 NO_FABRICATION=3 CLINICAL_USE=2,2.0,3.0,2.0,1.0,3.0,2.0,2.1666666666666665
T1_atn,qwen7b,genuine,50,309335447,SCORES: GROUNDING=4 BIOLOGY=4 COHERENCE=4 SPECIFICITY=4 NO_FABRICATION=4 CLINICAL_USE=4,4.0,4.0,4.0,4.0,4.0,4.0,4.0
T1_atn,qwen7b,shuffled,2,309335493,SCORES: GROUNDING=3 BIOLOGY=4 COHERENCE=3 SPECIFICITY=2 NO_FABRICATION=4 CLINICAL_USE=2,3.0,4.0,3.0,2.0,4.0,2.0,3.0
T1_atn,qwen7b,shuffled,222,309335444,SCORES: GROUNDING=3 BIOLOGY=4 COHERENCE=3 SPECIFICITY=2 NO_FABRICATION=4 CLINICAL_USE=3,3.0,4.0,3.0,2.0,4.0,3.0,3.1666666666666665
T1_atn,qwen7b,genuine,77,467056406,SCORES: GROUNDING=3 BIOLOGY=4 COHERENCE=3 SPECIFICITY=2 NO_FABRICATION=4 CLINICAL_USE=3,3.0,4.0,3.0,2.0,4.0,3.0,3.1666666666666665
T1_atn,qwen7b,shuffled,50,309335447,SCORES: GROUNDING=3 BIOLOGY=4 COHERENCE=3 SPECIFICITY=2 NO_FABRICATION=4 CLINICAL_USE=3,3.0,4.0,3.0,2.0,4.0,3.0,3.1666666666666665
T1_atn,qwen7b,shuffled,272,326765648,SCORES: GROUNDING=2 BIOLOGY=3 COHERENCE=2 SPECIFICITY=1 NO_FABRICATION=4 CLINICAL_USE=2,2.0,3.0,2.0,1.0,4.0,2.0,2.333333333333333
T1_atn,qwen7b,shuffled,309,309335474,SCORES: GROUNDING=4 BIOLOGY=4 COHERENCE=4 SPECIFICITY=3 NO_FABRICATION=4 CLINICAL_USE=3,4.0,4.0,4.0,3.0,4.0,3.0,3.6666666666666665
T1_atn,qwen7b,genuine,99,309335485,SCORES: GROUNDING=4 BIOLOGY=4 COHERENCE=4 SPECIFICITY=4 NO_FABRICATION=4 CLINICAL_USE=4,4.0,4.0,4.0,4.0,4.0,4.0,4.0
T1_atn,qwen7b,genuine,195,309335445,SCORES: GROUNDING=4 BIOLOGY=4 COHERENCE=4 SPECIFICITY=4 NO_FABRICATION=4 CLINICAL_USE=4,4.0,4.0,4.0,4.0,4.0,4.0,4.0
T1_atn,qwen7b,shuffled,52,326765669,SCORES: GROUNDING=0 BIOLOGY=3 COHERENCE=2 SPECIFICITY=0 NO_FABRICATION=3 CLINICAL_USE=2,0.0,3.0,2.0,0.0,3.0,2.0,1.6666666666666667
T1_atn,qwen7b,genuine,89,309335461,SCORES: GROUNDING=3 BIOLOGY=4 COHERENCE=3 SPECIFICITY=2 NO_FABRICATION=4 CLINICAL_USE=3,3.0,4.0,3.0,2.0,4.0,3.0,3.1666666666666665
T1_atn,qwen7b,genuine,314,309335443,SCORES: GROUNDING=4 BIOLOGY=4 COHERENCE=4 SPECIFICITY=4 NO_FABRICATION=4 CLINICAL_USE=4,4.0,4.0,4.0,4.0,4.0,4.0,4.0
T1_atn,qwen7b,genuine,339,309335486,SCORES: GROUNDING=4 BIOLOGY=4 COHERENCE=4 SPECIFICITY=4 NO_FABRICATION=4 CLINICAL_USE=4,4.0,4.0,4.0,4.0,4.0,4.0,4.0
T1_atn,qwen7b,shuffled,84,309335459,SCORES: GROUNDING=0 BIOLOGY=3 COHERENCE=2 SPECIFICITY=0 NO_FABRICATION=3 CLINICAL_USE=1,0.0,3.0,2.0,0.0,3.0,1.0,1.5
T1_atn,qwen7b,genuine,363,309335491,SCORES: GROUNDING=4 BIOLOGY=4 COHERENCE=4 SPECIFICITY=4 NO_FABRICATION=4 CLINICAL_USE=4,4.0,4.0,4.0,4.0,4.0,4.0,4.0
T1_atn,qwen7b,shuffled,98,309335445,SCORES: GROUNDING=3 BIOLOGY=4 COHERENCE=3 SPECIFICITY=2 NO_FABRICATION=4 CLINICAL_USE=3,3.0,4.0,3.0,2.0,4.0,3.0,3.1666666666666665
T1_atn,qwen7b,shuffled,145,309335497,SCORES: GROUNDING=2 BIOLOGY=3 COHERENCE=2 SPECIFICITY=1 NO_FABRICATION=3 CLINICAL_USE=2,2.0,3.0,2.0,1.0,3.0,2.0,2.1666666666666665
T1_atn,qwen7b,genuine,2,309335493,SCORES: GROUNDING=4 BIOLOGY=4 COHERENCE=4 SPECIFICITY=4 NO_FABRICATION=4 CLINICAL_USE=4,4.0,4.0,4.0,4.0,4.0,4.0,4.0
T1_atn,qwen7b,shuffled,174,467056406,SCORES: GROUNDING=0 BIOLOGY=3 COHERENCE=2 SPECIFICITY=0 NO_FABRICATION=1 CLINICAL_USE=1,0.0,3.0,2.0,0.0,1.0,1.0,1.1666666666666667
T1_atn,qwen7b,shuffled,177,309335495,SCORES: GROUNDING=0 BIOLOGY=3 COHERENCE=2 SPECIFICITY=0 NO_FABRICATION=1 CLINICAL_USE=2,0.0,3.0,2.0,0.0,1.0,2.0,1.3333333333333333
T1_atn,qwen7b,shuffled,1,309335480,SCORES: GROUNDING=0 BIOLOGY=3 COHERENCE=2 SPECIFICITY=0 NO_FABRICATION=3 CLINICAL_USE=2,0.0,3.0,2.0,0.0,3.0,2.0,1.6666666666666667
T1_atn,qwen7b,genuine,318,326765674,SCORES: GROUNDING=3 BIOLOGY=4 COHERENCE=4 SPECIFICITY=3 NO_FABRICATION=4 CLINICAL_USE=3,3.0,4.0,4.0,3.0,4.0,3.0,3.5
T1_atn,qwen7b,shuffled,85,309335469,SCORES: GROUNDING=4 BIOLOGY=4 COHERENCE=4 SPECIFICITY=4 NO_FABRICATION=4 CLINICAL_USE=4,4.0,4.0,4.0,4.0,4.0,4.0,4.0
T1_atn,qwen7b,shuffled,46,326765681,SCORES: GROUNDING=4 BIOLOGY=4 COHERENCE=4 SPECIFICITY=3 NO_FABRICATION=4 CLINICAL_USE=3,4.0,4.0,4.0,3.0,4.0,3.0,3.6666666666666665
T1_atn,qwen7b,shuffled,176,309335487,SCORES: GROUNDING=3 BIOLOGY=4 COHERENCE=3 SPECIFICITY=2 NO_FABRICATION=4 CLINICAL_USE=3,3.0,4.0,3.0,2.0,4.0,3.0,3.1666666666666665
T1_atn,qwen7b,genuine,204,309335450,SCORES: GROUNDING=3 BIOLOGY=4 COHERENCE=3 SPECIFICITY=2 NO_FABRICATION=4 CLINICAL_USE=3,3.0,4.0,3.0,2.0,4.0,3.0,3.1666666666666665
T1_atn,qwen7b,genuine,158,467056406,SCORES: GROUNDING=4 BIOLOGY=4 COHERENCE=4 SPECIFICITY=4 NO_FABRICATION=4 CLINICAL_USE=4,4.0,4.0,4.0,4.0,4.0,4.0,4.0
T1_atn,qwen7b,shuffled,353,326765685,SCORES: GROUNDING=3 BIOLOGY=4 COHERENCE=3 SPECIFICITY=2 NO_FABRICATION=4 CLINICAL_USE=3,3.0,4.0,3.0,2.0,4.0,3.0,3.1666666666666665
T1_atn,qwen7b,genuine,222,309335444,SCORES: GROUNDING=4 BIOLOGY=4 COHERENCE=4 SPECIFICITY=4 NO_FABRICATION=4 CLINICAL_USE=3,4.0,4.0,4.0,4.0,4.0,3.0,3.8333333333333335
T1_atn,qwen7b,shuffled,61,309335469,SCORES: GROUNDING=3 BIOLOGY=4 COHERENCE=3 SPECIFICITY=2 NO_FABRICATION=4 CLINICAL_USE=3,3.0,4.0,3.0,2.0,4.0,3.0,3.1666666666666665
T1_atn,qwen7b,genuine,192,309335458,SCORES: GROUNDING=3 BIOLOGY=4 COHERENCE=3 SPECIFICITY=2 NO_FABRICATION=4 CLINICAL_USE=3,3.0,4.0,3.0,2.0,4.0,3.0,3.1666666666666665
T1_atn,qwen7b,genuine,145,309335497,SCORES: GROUNDING=4 BIOLOGY=4 COHERENCE=4 SPECIFICITY=4 NO_FABRICATION=4 CLINICAL_USE=4,4.0,4.0,4.0,4.0,4.0,4.0,4.0
T1_atn,qwen7b,genuine,337,326765687,SCORES: GROUNDING=4 BIOLOGY=4 COHERENCE=4 SPECIFICITY=4 NO_FABRICATION=4 CLINICAL_USE=3,4.0,4.0,4.0,4.0,4.0,3.0,3.8333333333333335
T1_atn,qwen7b,genuine,292,309335440,SCORES: GROUNDING=3 BIOLOGY=4 COHERENCE=3 SPECIFICITY=2 NO_FABRICATION=4 CLINICAL_USE=3,3.0,4.0,3.0,2.0,4.0,3.0,3.1666666666666665
T1_atn,qwen7b,genuine,215,326765656,SCORES: GROUNDING=3 BIOLOGY=4 COHERENCE=3 SPECIFICITY=2 NO_FABRICATION=4 CLINICAL_USE=3,3.0,4.0,3.0,2.0,4.0,3.0,3.1666666666666665
T1_atn,qwen7b,shuffled,348,309335443,SCORES: GROUNDING=3 BIOLOGY=4 COHERENCE=3 SPECIFICITY=2 NO_FABRICATION=4 CLINICAL_USE=3,3.0,4.0,3.0,2.0,4.0,3.0,3.1666666666666665
T1_atn,qwen7b,shuffled,349,326765682,SCORES: GROUNDING=0 BIOLOGY=3 COHERENCE=2 SPECIFICITY=0 NO_FABRICATION=3 CLINICAL_USE=1,0.0,3.0,2.0,0.0,3.0,1.0,1.5
T1_atn,qwen7b,genuine,347,326765685,SCORES: GROUNDING=4 BIOLOGY=4 COHERENCE=4 SPECIFICITY=4 NO_FABRICATION=4 CLINICAL_USE=4,4.0,4.0,4.0,4.0,4.0,4.0,4.0
T1_atn,qwen7b,shuffled,240,326765660,SCORES: GROUNDING=4 BIOLOGY=4 COHERENCE=4 SPECIFICITY=4 NO_FABRICATION=4 CLINICAL_USE=4,4.0,4.0,4.0,4.0,4.0,4.0,4.0
T1_atn,qwen7b,shuffled,8,309335479,SCORES: GROUNDING=2 BIOLOGY=3 COHERENCE=2 SPECIFICITY=1 NO_FABRICATION=4 CLINICAL_USE=2,2.0,3.0,2.0,1.0,4.0,2.0,2.333333333333333
T1_atn,qwen7b,genuine,252,326765676,SCORES: GROUNDING=4 BIOLOGY=4 COHERENCE=4 SPECIFICITY=4 NO_FABRICATION=4 CLINICAL_USE=4,4.0,4.0,4.0,4.0,4.0,4.0,4.0
T1_atn,qwen7b,genuine,147,326765651,SCORES: GROUNDING=4 BIOLOGY=4 COHERENCE=4 SPECIFICITY=4 NO_FABRICATION=4 CLINICAL_USE=4,4.0,4.0,4.0,4.0,4.0,4.0,4.0
T1_atn,qwen7b,shuffled,314,309335443,SCORES: GROUNDING=4 BIOLOGY=4 COHERENCE=4 SPECIFICITY=3 NO_FABRICATION=4 CLINICAL_USE=3,4.0,4.0,4.0,3.0,4.0,3.0,3.6666666666666665
T1_atn,qwen7b,genuine,281,309335495,SCORES: GROUNDING=4 BIOLOGY=4 COHERENCE=4 SPECIFICITY=4 NO_FABRICATION=4 CLINICAL_USE=4,4.0,4.0,4.0,4.0,4.0,4.0,4.0
T1_atn,qwen7b,shuffled,362,309335489,SCORES: GROUNDING=2 BIOLOGY=3 COHERENCE=3 SPECIFICITY=2 NO_FABRICATION=4 CLINICAL_USE=3,2.0,3.0,3.0,2.0,4.0,3.0,2.833333333333333
T1_atn,qwen7b,genuine,148,309335461,SCORES: GROUNDING=4 BIOLOGY=4 COHERENCE=4 SPECIFICITY=4 NO_FABRICATION=4 CLINICAL_USE=4,4.0,4.0,4.0,4.0,4.0,4.0,4.0
T1_atn,qwen7b,genuine,56,309335445,SCORES: GROUNDING=4 BIOLOGY=4 COHERENCE=4 SPECIFICITY=4 NO_FABRICATION=4 CLINICAL_USE=4,4.0,4.0,4.0,4.0,4.0,4.0,4.0
T1_atn,qwen7b,shuffled,124,309335441,SCORES: GROUNDING=3 BIOLOGY=4 COHERENCE=3 SPECIFICITY=2 NO_FABRICATION=4 CLINICAL_USE=3,3.0,4.0,3.0,2.0,4.0,3.0,3.1666666666666665
T1_atn,qwen7b,shuffled,313,309335460,SCORES: GROUNDING=2 BIOLOGY=3 COHERENCE=2 SPECIFICITY=1 NO_FABRICATION=3 CLINICAL_USE=2,2.0,3.0,2.0,1.0,3.0,2.0,2.1666666666666665
T1_atn,qwen7b,shuffled,127,326765663,SCORES: GROUNDING=3 BIOLOGY=4 COHERENCE=3 SPECIFICITY=2 NO_FABRICATION=4 CLINICAL_USE=3,3.0,4.0,3.0,2.0,4.0,3.0,3.1666666666666665
T1_atn,qwen7b,genuine,60,326765674,SCORES: GROUNDING=4 BIOLOGY=4 COHERENCE=4 SPECIFICITY=4 NO_FABRICATION=4 CLINICAL_USE=4,4.0,4.0,4.0,4.0,4.0,4.0,4.0
T1_atn,qwen7b,genuine,169,309335487,SCORES: GROUNDING=4 BIOLOGY=4 COHERENCE=4 SPECIFICITY=4 NO_FABRICATION=4 CLINICAL_USE=3,4.0,4.0,4.0,4.0,4.0,3.0,3.8333333333333335
T1_atn,qwen7b,genuine,98,309335445,SCORES: GROUNDING=4 BIOLOGY=4 COHERENCE=4 SPECIFICITY=4 NO_FABRICATION=4 CLINICAL_USE=4,4.0,4.0,4.0,4.0,4.0,4.0,4.0
T1_atn,qwen7b,genuine,70,309335459,SCORES: GROUNDING=3 BIOLOGY=4 COHERENCE=3 SPECIFICITY=2 NO_FABRICATION=4 CLINICAL_USE=3,3.0,4.0,3.0,2.0,4.0,3.0,3.1666666666666665
T1_atn,qwen7b,shuffled,126,309335456,SCORES: GROUNDING=3 BIOLOGY=4 COHERENCE=3 SPECIFICITY=2 NO_FABRICATION=4 CLINICAL_USE=3,3.0,4.0,3.0,2.0,4.0,3.0,3.1666666666666665
T1_atn,qwen7b,genuine,160,309335446,SCORES: GROUNDING=3 BIOLOGY=4 COHERENCE=3 SPECIFICITY=2 NO_FABRICATION=4 CLINICAL_USE=3,3.0,4.0,3.0,2.0,4.0,3.0,3.1666666666666665
T1_atn,qwen7b,shuffled,167,309335477,SCORES: GROUNDING=3 BIOLOGY=4 COHERENCE=3 SPECIFICITY=2 NO_FABRICATION=4 CLINICAL_USE=3,3.0,4.0,3.0,2.0,4.0,3.0,3.1666666666666665
T1_atn,qwen7b,genuine,240,326765660,SCORES: GROUNDING=3 BIOLOGY=4 COHERENCE=3 SPECIFICITY=2 NO_FABRICATION=4 CLINICAL_USE=3,3.0,4.0,3.0,2.0,4.0,3.0,3.1666666666666665
T1_atn,qwen7b,genuine,91,309335488,SCORES: GROUNDING=2 BIOLOGY=3 COHERENCE=3 SPECIFICITY=2 NO_FABRICATION=4 CLINICAL_USE=3,2.0,3.0,3.0,2.0,4.0,3.0,2.833333333333333
T1_atn,qwen7b,genuine,9,309335497,SCORES: GROUNDING=3 BIOLOGY=4 COHERENCE=4 SPECIFICITY=3 NO_FABRICATION=4 CLINICAL_USE=3,3.0,4.0,4.0,3.0,4.0,3.0,3.5
T1_atn,qwen7b,genuine,3,326765668,SCORES: GROUNDING=4 BIOLOGY=4 COHERENCE=4 SPECIFICITY=4 NO_FABRICATION=4 CLINICAL_USE=4,4.0,4.0,4.0,4.0,4.0,4.0,4.0
T1_atn,qwen7b,shuffled,263,309335487,SCORES: GROUNDING=3 BIOLOGY=4 COHERENCE=3 SPECIFICITY=2 NO_FABRICATION=4 CLINICAL_USE=3,3.0,4.0,3.0,2.0,4.0,3.0,3.1666666666666665
T1_atn,qwen7b,shuffled,346,309335438,SCORES: GROUNDING=2 BIOLOGY=3 COHERENCE=2 SPECIFICITY=1 NO_FABRICATION=3 CLINICAL_USE=2,2.0,3.0,2.0,1.0,3.0,2.0,2.1666666666666665
T1_atn,qwen7b,shuffled,22,467056397,SCORES: GROUNDING=2 BIOLOGY=3 COHERENCE=2 SPECIFICITY=1 NO_FABRICATION=3 CLINICAL_USE=2,2.0,3.0,2.0,1.0,3.0,2.0,2.1666666666666665
T1_atn,qwen7b,genuine,0,309335467,SCORES: GROUNDING=4 BIOLOGY=4 COHERENCE=4 SPECIFICITY=4 NO_FABRICATION=4 CLINICAL_USE=4,4.0,4.0,4.0,4.0,4.0,4.0,4.0
T1_atn,qwen7b,shuffled,228,309335485,SCORES: GROUNDING=4 BIOLOGY=4 COHERENCE=4 SPECIFICITY=3 NO_FABRICATION=4 CLINICAL_USE=3,4.0,4.0,4.0,3.0,4.0,3.0,3.6666666666666665
T1_atn,qwen7b,genuine,280,309335455,SCORES: GROUNDING=4 BIOLOGY=4 COHERENCE=4 SPECIFICITY=4 NO_FABRICATION=4 CLINICAL_USE=4,4.0,4.0,4.0,4.0,4.0,4.0,4.0
T1_atn,qwen7b,shuffled,234,309335490,SCORES: GROUNDING=4 BIOLOGY=4 COHERENCE=4 SPECIFICITY=3 NO_FABRICATION=4 CLINICAL_USE=3,4.0,4.0,4.0,3.0,4.0,3.0,3.6666666666666665
T1_atn,qwen7b,genuine,348,309335443,SCORES: GROUNDING=4 BIOLOGY=4 COHERENCE=4 SPECIFICITY=3 NO_FABRICATION=4 CLINICAL_USE=3,4.0,4.0,4.0,3.0,4.0,3.0,3.6666666666666665
T1_atn,qwen7b,shuffled,366,326765675,SCORES: GROUNDING=2 BIOLOGY=3 COHERENCE=2 SPECIFICITY=1 NO_FABRICATION=3 CLINICAL_USE=2,2.0,3.0,2.0,1.0,3.0,2.0,2.1666666666666665
T1_atn,qwen7b,shuffled,105,326765659,SCORES: GROUNDING=3 BIOLOGY=4 COHERENCE=3 SPECIFICITY=2 NO_FABRICATION=4 CLINICAL_USE=3,3.0,4.0,3.0,2.0,4.0,3.0,3.1666666666666665
T1_atn,qwen7b,genuine,306,326765686,SCORES: GROUNDING=2 BIOLOGY=3 COHERENCE=3 SPECIFICITY=2 NO_FABRICATION=4 CLINICAL_USE=3,2.0,3.0,3.0,2.0,4.0,3.0,2.833333333333333
T1_atn,qwen7b,shuffled,203,326765650,SCORES: GROUNDING=2 BIOLOGY=3 COHERENCE=2 SPECIFICITY=1 NO_FABRICATION=4 CLINICAL_USE=2,2.0,3.0,2.0,1.0,4.0,2.0,2.333333333333333
T1_atn,qwen7b,shuffled,60,326765674,SCORES: GROUNDING=3 BIOLOGY=4 COHERENCE=3 SPECIFICITY=2 NO_FABRICATION=4 CLINICAL_USE=3,3.0,4.0,3.0,2.0,4.0,3.0,3.1666666666666665
T1_atn,qwen7b,shuffled,142,309335484,SCORES: GROUNDING=2 BIOLOGY=3 COHERENCE=3 SPECIFICITY=2 NO_FABRICATION=4 CLINICAL_USE=3,2.0,3.0,3.0,2.0,4.0,3.0,2.833333333333333
T1_atn,qwen7b,shuffled,375,309335458,SCORES: GROUNDING=3 BIOLOGY=4 COHERENCE=3 SPECIFICITY=3 NO_FABRICATION=4 CLINICAL_USE=3,3.0,4.0,3.0,3.0,4.0,3.0,3.333333333333333
T1_atn,qwen7b,genuine,332,309335471,SCORES: GROUNDING=4 BIOLOGY=4 COHERENCE=4 SPECIFICITY=4 NO_FABRICATION=4 CLINICAL_USE=4,4.0,4.0,4.0,4.0,4.0,4.0,4.0
T1_atn,qwen7b,shuffled,131,326765678,SCORES: GROUNDING=3 BIOLOGY=4 COHERENCE=3 SPECIFICITY=3 NO_FABRICATION=4 CLINICAL_USE=3,3.0,4.0,3.0,3.0,4.0,3.0,3.333333333333333
T1_atn,qwen7b,genuine,49,309335470,SCORES: GROUNDING=4 BIOLOGY=4 COHERENCE=4 SPECIFICITY=4 NO_FABRICATION=4 CLINICAL_USE=4,4.0,4.0,4.0,4.0,4.0,4.0,4.0
T1_atn,qwen7b,genuine,234,309335490,SCORES: GROUNDING=4 BIOLOGY=4 COHERENCE=4 SPECIFICITY=4 NO_FABRICATION=4 CLINICAL_USE=3,4.0,4.0,4.0,4.0,4.0,3.0,3.8333333333333335
T1_atn,qwen7b,genuine,102,326765664,SCORES: GROUNDING=2 BIOLOGY=3 COHERENCE=3 SPECIFICITY=2 NO_FABRICATION=4 CLINICAL_USE=2,2.0,3.0,3.0,2.0,4.0,2.0,2.6666666666666665
T1_atn,qwen7b,shuffled,88,309335451,SCORES: GROUNDING=2 BIOLOGY=3 COHERENCE=2 SPECIFICITY=1 NO_FABRICATION=3 CLINICAL_USE=2,2.0,3.0,2.0,1.0,3.0,2.0,2.1666666666666665
T1_atn,qwen7b,genuine,47,309335468,SCORES: GROUNDING=4 BIOLOGY=4 COHERENCE=4 SPECIFICITY=4 NO_FABRICATION=4 CLINICAL_USE=4,4.0,4.0,4.0,4.0,4.0,4.0,4.0
T1_atn,qwen7b,shuffled,11,326765653,SCORES: GROUNDING=2 BIOLOGY=3 COHERENCE=2 SPECIFICITY=1 NO_FABRICATION=3 CLINICAL_USE=2,2.0,3.0,2.0,1.0,3.0,2.0,2.1666666666666665
T1_atn,qwen7b,genuine,364,326765661,SCORES: GROUNDING=3 BIOLOGY=4 COHERENCE=3 SPECIFICITY=2 NO_FABRICATION=4 CLINICAL_USE=3,3.0,4.0,3.0,2.0,4.0,3.0,3.1666666666666665
T1_atn,qwen7b,shuffled,147,326765651,SCORES: GROUNDING=4 BIOLOGY=4 COHERENCE=4 SPECIFICITY=4 NO_FABRICATION=4 CLINICAL_USE=4,4.0,4.0,4.0,4.0,4.0,4.0,4.0
T1_atn,qwen7b,genuine,247,309335489,SCORES: GROUNDING=3 BIOLOGY=4 COHERENCE=3 SPECIFICITY=2 NO_FABRICATION=4 CLINICAL_USE=3,3.0,4.0,3.0,2.0,4.0,3.0,3.1666666666666665
T1_atn,qwen7b,genuine,366,326765675,SCORES: GROUNDING=4 BIOLOGY=4 COHERENCE=4 SPECIFICITY=4 NO_FABRICATION=4 CLINICAL_USE=4,4.0,4.0,4.0,4.0,4.0,4.0,4.0
T1_atn,qwen7b,shuffled,102,326765664,SCORES: GROUNDING=0 BIOLOGY=3 COHERENCE=2 SPECIFICITY=1 NO_FABRICATION=4 CLINICAL_USE=2,0.0,3.0,2.0,1.0,4.0,2.0,2.0
T1_atn,qwen7b,genuine,228,309335485,SCORES: GROUNDING=4 BIOLOGY=4 COHERENCE=3 SPECIFICITY=3 NO_FABRICATION=4 CLINICAL_USE=3,4.0,4.0,3.0,3.0,4.0,3.0,3.5
T1_atn,qwen7b,shuffled,117,309335492,SCORES: GROUNDING=3 BIOLOGY=4 COHERENCE=3 SPECIFICITY=2 NO_FABRICATION=4 CLINICAL_USE=3,3.0,4.0,3.0,2.0,4.0,3.0,3.1666666666666665
T1_atn,qwen7b,shuffled,204,309335450,SCORES: GROUNDING=2 BIOLOGY=3 COHERENCE=2 SPECIFICITY=1 NO_FABRICATION=3 CLINICAL_USE=2,2.0,3.0,2.0,1.0,3.0,2.0,2.1666666666666665
T1_atn,qwen7b,shuffled,337,326765687,SCORES: GROUNDING=2 BIOLOGY=3 COHERENCE=2 SPECIFICITY=1 NO_FABRICATION=3 CLINICAL_USE=2,2.0,3.0,2.0,1.0,3.0,2.0,2.1666666666666665
T1_atn,qwen7b,shuffled,310,309335493,SCORES: GROUNDING=2 BIOLOGY=3 COHERENCE=2 SPECIFICITY=1 NO_FABRICATION=3 CLINICAL_USE=2,2.0,3.0,2.0,1.0,3.0,2.0,2.1666666666666665
T1_atn,qwen7b,genuine,22,467056397,SCORES: GROUNDING=4 BIOLOGY=4 COHERENCE=4 SPECIFICITY=4 NO_FABRICATION=4 CLINICAL_USE=4,4.0,4.0,4.0,4.0,4.0,4.0,4.0
T1_atn,qwen7b,shuffled,101,326765654,SCORES: GROUNDING=3 BIOLOGY=4 COHERENCE=3 SPECIFICITY=2 NO_FABRICATION=4 CLINICAL_USE=3,3.0,4.0,3.0,2.0,4.0,3.0,3.1666666666666665
T1_atn,qwen7b,genuine,370,326765668,SCORES: GROUNDING=4 BIOLOGY=4 COHERENCE=4 SPECIFICITY=4 NO_FABRICATION=4 CLINICAL_USE=3,4.0,4.0,4.0,4.0,4.0,3.0,3.8333333333333335
T1_atn,qwen7b,shuffled,212,326765653,SCORES: GROUNDING=4 BIOLOGY=4 COHERENCE=4 SPECIFICITY=3 NO_FABRICATION=4 CLINICAL_USE=3,4.0,4.0,4.0,3.0,4.0,3.0,3.6666666666666665
T1_atn,qwen7b,shuffled,99,309335485,SCORES: GROUNDING=2 BIOLOGY=3 COHERENCE=3 SPECIFICITY=2 NO_FABRICATION=3 CLINICAL_USE=3,2.0,3.0,3.0,2.0,3.0,3.0,2.6666666666666665
T1_atn,qwen7b,genuine,61,309335469,SCORES: GROUNDING=3 BIOLOGY=4 COHERENCE=3 SPECIFICITY=2 NO_FABRICATION=4 CLINICAL_USE=3,3.0,4.0,3.0,2.0,4.0,3.0,3.1666666666666665
T1_atn,qwen7b,shuffled,351,326765677,SCORES: GROUNDING=2 BIOLOGY=3 COHERENCE=2 SPECIFICITY=1 NO_FABRICATION=4 CLINICAL_USE=2,2.0,3.0,2.0,1.0,4.0,2.0,2.333333333333333
T1_atn,qwen7b,shuffled,347,326765685,SCORES: GROUNDING=3 BIOLOGY=4 COHERENCE=3 SPECIFICITY=2 NO_FABRICATION=4 CLINICAL_USE=3,3.0,4.0,3.0,2.0,4.0,3.0,3.1666666666666665
T1_atn,qwen7b,shuffled,41,309335470,SCORES: GROUNDING=2 BIOLOGY=3 COHERENCE=3 SPECIFICITY=2 NO_FABRICATION=4 CLINICAL_USE=3,2.0,3.0,3.0,2.0,4.0,3.0,2.833333333333333
T1_atn,qwen7b,shuffled,49,309335470,SCORES: GROUNDING=2 BIOLOGY=3 COHERENCE=2 SPECIFICITY=1 NO_FABRICATION=3 CLINICAL_USE=2,2.0,3.0,2.0,1.0,3.0,2.0,2.1666666666666665
T1_atn,qwen7b,shuffled,363,309335491,SCORES: GROUNDING=3 BIOLOGY=4 COHERENCE=3 SPECIFICITY=2 NO_FABRICATION=3 CLINICAL_USE=3,3.0,4.0,3.0,2.0,3.0,3.0,3.0
T1_atn,qwen7b,shuffled,369,309335467,SCORES: GROUNDING=2 BIOLOGY=3 COHERENCE=2 SPECIFICITY=1 NO_FABRICATION=3 CLINICAL_USE=2,2.0,3.0,2.0,1.0,3.0,2.0,2.1666666666666665
T1_atn,qwen7b,shuffled,139,309335465,SCORES: GROUNDING=2 BIOLOGY=3 COHERENCE=2 SPECIFICITY=1 NO_FABRICATION=3 CLINICAL_USE=2,2.0,3.0,2.0,1.0,3.0,2.0,2.1666666666666665
T1_atn,qwen7b,shuffled,6,326765677,SCORES: GROUNDING=2 BIOLOGY=4 COHERENCE=3 SPECIFICITY=2 NO_FABRICATION=3 CLINICAL_USE=3,2.0,4.0,3.0,2.0,3.0,3.0,2.833333333333333
T1_atn,qwen7b,shuffled,300,309335469,SCORES: GROUNDING=3 BIOLOGY=4 COHERENCE=3 SPECIFICITY=2 NO_FABRICATION=4 CLINICAL_USE=3,3.0,4.0,3.0,2.0,4.0,3.0,3.1666666666666665
T1_atn,qwen7b,genuine,196,326765678,SCORES: GROUNDING=4 BIOLOGY=4 COHERENCE=4 SPECIFICITY=3 NO_FABRICATION=4 CLINICAL_USE=3,4.0,4.0,4.0,3.0,4.0,3.0,3.6666666666666665
T1_atn,qwen7b,genuine,237,326765649,SCORES: GROUNDING=4 BIOLOGY=4 COHERENCE=4 SPECIFICITY=4 NO_FABRICATION=4 CLINICAL_USE=4,4.0,4.0,4.0,4.0,4.0,4.0,4.0
T1_atn,qwen7b,genuine,176,309335487,SCORES: GROUNDING=4 BIOLOGY=4 COHERENCE=3 SPECIFICITY=3 NO_FABRICATION=4 CLINICAL_USE=3,4.0,4.0,3.0,3.0,4.0,3.0,3.5
T1_atn,qwen7b,genuine,81,309335480,SCORES: GROUNDING=4 BIOLOGY=4 COHERENCE=4 SPECIFICITY=4 NO_FABRICATION=4 CLINICAL_USE=4,4.0,4.0,4.0,4.0,4.0,4.0,4.0
T1_atn,qwen7b,shuffled,281,309335495,SCORES: GROUNDING=3 BIOLOGY=4 COHERENCE=4 SPECIFICITY=3 NO_FABRICATION=4 CLINICAL_USE=3,3.0,4.0,4.0,3.0,4.0,3.0,3.5
T1_atn,qwen7b,shuffled,91,309335488,SCORES: GROUNDING=0 BIOLOGY=3 COHERENCE=2 SPECIFICITY=0 NO_FABRICATION=3 CLINICAL_USE=2,0.0,3.0,2.0,0.0,3.0,2.0,1.6666666666666667
T1_atn,qwen7b,genuine,41,309335470,SCORES: GROUNDING=4 BIOLOGY=4 COHERENCE=4 SPECIFICITY=4 NO_FABRICATION=4 CLINICAL_USE=4,4.0,4.0,4.0,4.0,4.0,4.0,4.0
T1_atn,qwen7b,shuffled,9,309335497,SCORES: GROUNDING=2 BIOLOGY=3 COHERENCE=3 SPECIFICITY=2 NO_FABRICATION=3 CLINICAL_USE=3,2.0,3.0,3.0,2.0,3.0,3.0,2.6666666666666665
T1_atn,qwen7b,genuine,351,326765677,SCORES: GROUNDING=3 BIOLOGY=4 COHERENCE=3 SPECIFICITY=2 NO_FABRICATION=4 CLINICAL_USE=3,3.0,4.0,3.0,2.0,4.0,3.0,3.1666666666666665
T1_atn,qwen7b,shuffled,70,309335459,SCORES: GROUNDING=3 BIOLOGY=4 COHERENCE=3 SPECIFICITY=2 NO_FABRICATION=4 CLINICAL_USE=3,3.0,4.0,3.0,2.0,4.0,3.0,3.1666666666666665
T1_atn,qwen7b,shuffled,359,326765648,SCORES: GROUNDING=3 BIOLOGY=4 COHERENCE=4 SPECIFICITY=3 NO_FABRICATION=4 CLINICAL_USE=3,3.0,4.0,4.0,3.0,4.0,3.0,3.5
T1_atn,qwen7b,genuine,359,326765648,SCORES: GROUNDING=4 BIOLOGY=4 COHERENCE=4 SPECIFICITY=4 NO_FABRICATION=4 CLINICAL_USE=4,4.0,4.0,4.0,4.0,4.0,4.0,4.0
T1_atn,qwen7b,genuine,324,467056406,SCORES: GROUNDING=4 BIOLOGY=4 COHERENCE=4 SPECIFICITY=4 NO_FABRICATION=4 CLINICAL_USE=4,4.0,4.0,4.0,4.0,4.0,4.0,4.0
T1_atn,qwen7b,shuffled,318,326765674,SCORES: GROUNDING=2 BIOLOGY=3 COHERENCE=2 SPECIFICITY=1 NO_FABRICATION=3 CLINICAL_USE=2,2.0,3.0,2.0,1.0,3.0,2.0,2.1666666666666665
T1_atn,qwen7b,genuine,241,309335444,SCORES: GROUNDING=4 BIOLOGY=4 COHERENCE=4 SPECIFICITY=4 NO_FABRICATION=4 CLINICAL_USE=4,4.0,4.0,4.0,4.0,4.0,4.0,4.0
T1_atn,qwen7b,genuine,219,326765673,SCORES: GROUNDING=4 BIOLOGY=4 COHERENCE=4 SPECIFICITY=3 NO_FABRICATION=4 CLINICAL_USE=3,4.0,4.0,4.0,3.0,4.0,3.0,3.6666666666666665
T1_atn,qwen7b,genuine,1,309335480,SCORES: GROUNDING=3 BIOLOGY=4 COHERENCE=4 SPECIFICITY=3 NO_FABRICATION=4 CLINICAL_USE=3,3.0,4.0,4.0,3.0,4.0,3.0,3.5
T1_atn,qwen7b,shuffled,65,309335455,SCORES: GROUNDING=4 BIOLOGY=4 COHERENCE=4 SPECIFICITY=4 NO_FABRICATION=4 CLINICAL_USE=4,4.0,4.0,4.0,4.0,4.0,4.0,4.0
T1_atn,qwen7b,genuine,372,326765653,SCORES: GROUNDING=2 BIOLOGY=3 COHERENCE=3 SPECIFICITY=2 NO_FABRICATION=4 CLINICAL_USE=2,2.0,3.0,3.0,2.0,4.0,2.0,2.6666666666666665
T1_atn,qwen7b,genuine,85,309335469,SCORES: GROUNDING=4 BIOLOGY=4 COHERENCE=4 SPECIFICITY=4 NO_FABRICATION=4 CLINICAL_USE=4,4.0,4.0,4.0,4.0,4.0,4.0,4.0
T1_atn,qwen7b,genuine,57,326765669,SCORES: GROUNDING=3 BIOLOGY=4 COHERENCE=3 SPECIFICITY=2 NO_FABRICATION=4 CLINICAL_USE=3,3.0,4.0,3.0,2.0,4.0,3.0,3.1666666666666665
T1_atn,qwen7b,shuffled,370,326765668,SCORES: GROUNDING=2 BIOLOGY=3 COHERENCE=2 SPECIFICITY=1 NO_FABRICATION=3 CLINICAL_USE=2,2.0,3.0,2.0,1.0,3.0,2.0,2.1666666666666665
T1_atn,qwen7b,shuffled,280,309335455,SCORES: GROUNDING=2 BIOLOGY=3 COHERENCE=3 SPECIFICITY=2 NO_FABRICATION=3 CLINICAL_USE=2,2.0,3.0,3.0,2.0,3.0,2.0,2.5
T1_atn,qwen7b,genuine,126,309335456,SCORES: GROUNDING=4 BIOLOGY=4 COHERENCE=4 SPECIFICITY=4 NO_FABRICATION=4 CLINICAL_USE=4,4.0,4.0,4.0,4.0,4.0,4.0,4.0
T1_atn,qwen7b,shuffled,148,309335461,SCORES: GROUNDING=4 BIOLOGY=4 COHERENCE=4 SPECIFICITY=3 NO_FABRICATION=4 CLINICAL_USE=3,4.0,4.0,4.0,3.0,4.0,3.0,3.6666666666666665
T1_atn,qwen7b,genuine,279,326765656,SCORES: GROUNDING=4 BIOLOGY=4 COHERENCE=4 SPECIFICITY=4 NO_FABRICATION=4 CLINICAL_USE=4,4.0,4.0,4.0,4.0,4.0,4.0,4.0
T1_atn,qwen7b,shuffled,277,309335461,SCORES: GROUNDING=3 BIOLOGY=4 COHERENCE=4 SPECIFICITY=3 NO_FABRICATION=4 CLINICAL_USE=3,3.0,4.0,4.0,3.0,4.0,3.0,3.5
T1_atn,qwen7b,genuine,275,326765689,SCORES: GROUNDING=3 BIOLOGY=4 COHERENCE=3 SPECIFICITY=2 NO_FABRICATION=4 CLINICAL_USE=3,3.0,4.0,3.0,2.0,4.0,3.0,3.1666666666666665
T1_atn,qwen7b,genuine,242,467056409,SCORES: GROUNDING=4 BIOLOGY=4 COHERENCE=4 SPECIFICITY=4 NO_FABRICATION=4 CLINICAL_USE=4,4.0,4.0,4.0,4.0,4.0,4.0,4.0
T1_atn,qwen7b,genuine,249,326765655,SCORES: GROUNDING=4 BIOLOGY=4 COHERENCE=4 SPECIFICITY=3 NO_FABRICATION=4 CLINICAL_USE=3,4.0,4.0,4.0,3.0,4.0,3.0,3.6666666666666665
T1_atn,qwen7b,genuine,127,326765663,SCORES: GROUNDING=4 BIOLOGY=4 COHERENCE=4 SPECIFICITY=3 NO_FABRICATION=4 CLINICAL_USE=3,4.0,4.0,4.0,3.0,4.0,3.0,3.6666666666666665
T1_atn,qwen7b,shuffled,12,326765676,SCORES: GROUNDING=0 BIOLOGY=3 COHERENCE=2 SPECIFICITY=0 NO_FABRICATION=3 CLINICAL_USE=2,0.0,3.0,2.0,0.0,3.0,2.0,1.6666666666666667
T1_atn,qwen7b,genuine,212,326765653,SCORES: GROUNDING=4 BIOLOGY=4 COHERENCE=4 SPECIFICITY=4 NO_FABRICATION=4 CLINICAL_USE=4,4.0,4.0,4.0,4.0,4.0,4.0,4.0
T1_atn,qwen7b,genuine,8,309335479,SCORES: GROUNDING=4 BIOLOGY=4 COHERENCE=4 SPECIFICITY=3 NO_FABRICATION=4 CLINICAL_USE=3,4.0,4.0,4.0,3.0,4.0,3.0,3.6666666666666665
T1_atn,qwen7b,shuffled,89,309335461,SCORES: GROUNDING=2 BIOLOGY=3 COHERENCE=3 SPECIFICITY=2 NO_FABRICATION=3 CLINICAL_USE=3,2.0,3.0,3.0,2.0,3.0,3.0,2.6666666666666665
T1_atn,qwen7b,shuffled,252,326765676,SCORES: GROUNDING=4 BIOLOGY=4 COHERENCE=4 SPECIFICITY=3 NO_FABRICATION=4 CLINICAL_USE=3,4.0,4.0,4.0,3.0,4.0,3.0,3.6666666666666665
T1_atn,qwen7b,genuine,309,309335474,SCORES: GROUNDING=3 BIOLOGY=4 COHERENCE=3 SPECIFICITY=2 NO_FABRICATION=4 CLINICAL_USE=3,3.0,4.0,3.0,2.0,4.0,3.0,3.1666666666666665
T1_atn,qwen7b,genuine,139,309335465,SCORES: GROUNDING=4 BIOLOGY=4 COHERENCE=4 SPECIFICITY=4 NO_FABRICATION=4 CLINICAL_USE=4,4.0,4.0,4.0,4.0,4.0,4.0,4.0
T1_atn,qwen7b,shuffled,160,309335446,SCORES: GROUNDING=0 BIOLOGY=3 COHERENCE=2 SPECIFICITY=0 NO_FABRICATION=3 CLINICAL_USE=2,0.0,3.0,2.0,0.0,3.0,2.0,1.6666666666666667
T1_atn,qwen7b,genuine,251,309335484,SCORES: GROUNDING=3 BIOLOGY=4 COHERENCE=3 SPECIFICITY=3 NO_FABRICATION=4 CLINICAL_USE=3,3.0,4.0,3.0,3.0,4.0,3.0,3.333333333333333
T1_atn,qwen7b,shuffled,251,309335484,SCORES: GROUNDING=4 BIOLOGY=4 COHERENCE=4 SPECIFICITY=3 NO_FABRICATION=4 CLINICAL_USE=3,4.0,4.0,4.0,3.0,4.0,3.0,3.6666666666666665
T1_atn,qwen7b,genuine,144,309335492,SCORES: GROUNDING=4 BIOLOGY=4 COHERENCE=4 SPECIFICITY=4 NO_FABRICATION=4 CLINICAL_USE=4,4.0,4.0,4.0,4.0,4.0,4.0,4.0
T1_atn,qwen7b,shuffled,364,326765661,SCORES: GROUNDING=0 BIOLOGY=3 COHERENCE=2 SPECIFICITY=0 NO_FABRICATION=4 CLINICAL_USE=1,0.0,3.0,2.0,0.0,4.0,1.0,1.6666666666666667
T1_atn,qwen7b,shuffled,47,309335468,SCORES: GROUNDING=3 BIOLOGY=4 COHERENCE=3 SPECIFICITY=2 NO_FABRICATION=4 CLINICAL_USE=3,3.0,4.0,3.0,2.0,4.0,3.0,3.1666666666666665
T1_atn,qwen7b,shuffled,249,326765655,SCORES: GROUNDING=3 BIOLOGY=4 COHERENCE=3 SPECIFICITY=2 NO_FABRICATION=3 CLINICAL_USE=2,3.0,4.0,3.0,2.0,3.0,2.0,2.833333333333333
T1_atn,qwen7b,genuine,63,309335482,SCORES: GROUNDING=3 BIOLOGY=4 COHERENCE=3 SPECIFICITY=2 NO_FABRICATION=4 CLINICAL_USE=3,3.0,4.0,3.0,2.0,4.0,3.0,3.1666666666666665
T1_atn,qwen7b,genuine,131,326765678,SCORES: GROUNDING=3 BIOLOGY=4 COHERENCE=3 SPECIFICITY=2 NO_FABRICATION=4 CLINICAL_USE=3,3.0,4.0,3.0,2.0,4.0,3.0,3.1666666666666665
T1_atn,qwen7b,genuine,124,309335441,SCORES: GROUNDING=3 BIOLOGY=4 COHERENCE=3 SPECIFICITY=2 NO_FABRICATION=4 CLINICAL_USE=3,3.0,4.0,3.0,2.0,4.0,3.0,3.1666666666666665
T1_atn,qwen7b,shuffled,81,309335480,SCORES: GROUNDING=4 BIOLOGY=4 COHERENCE=4 SPECIFICITY=4 NO_FABRICATION=4 CLINICAL_USE=4,4.0,4.0,4.0,4.0,4.0,4.0,4.0
T1_atn,qwen7b,shuffled,0,309335467,SCORES: GROUNDING=3 BIOLOGY=4 COHERENCE=3 SPECIFICITY=2 NO_FABRICATION=4 CLINICAL_USE=3,3.0,4.0,3.0,2.0,4.0,3.0,3.1666666666666665
T1_atn,qwen7b,shuffled,56,309335445,SCORES: GROUNDING=0 BIOLOGY=3 COHERENCE=2 SPECIFICITY=0 NO_FABRICATION=3 CLINICAL_USE=1,0.0,3.0,2.0,0.0,3.0,1.0,1.5
T1_atn,qwen7b,shuffled,187,326765684,SCORES: GROUNDING=3 BIOLOGY=4 COHERENCE=3 SPECIFICITY=2 NO_FABRICATION=4 CLINICAL_USE=3,3.0,4.0,3.0,2.0,4.0,3.0,3.1666666666666665
T1_atn,qwen7b,genuine,142,309335484,SCORES: GROUNDING=4 BIOLOGY=4 COHERENCE=4 SPECIFICITY=4 NO_FABRICATION=4 CLINICAL_USE=3,4.0,4.0,4.0,4.0,4.0,3.0,3.8333333333333335
T1_atn,qwen7b,shuffled,215,326765656,SCORES: GROUNDING=2 BIOLOGY=3 COHERENCE=3 SPECIFICITY=2 NO_FABRICATION=3 CLINICAL_USE=2,2.0,3.0,3.0,2.0,3.0,2.0,2.5
T1_atn,qwen7b,shuffled,328,326765655,SCORES: GROUNDING=3 BIOLOGY=4 COHERENCE=3 SPECIFICITY=2 NO_FABRICATION=4 CLINICAL_USE=3,3.0,4.0,3.0,2.0,4.0,3.0,3.1666666666666665
T1_atn,qwen7b,genuine,286,467056408,SCORES: GROUNDING=4 BIOLOGY=4 COHERENCE=4 SPECIFICITY=4 NO_FABRICATION=4 CLINICAL_USE=4,4.0,4.0,4.0,4.0,4.0,4.0,4.0
T1_atn,qwen7b,shuffled,224,309335481,SCORES: GROUNDING=4 BIOLOGY=4 COHERENCE=4 SPECIFICITY=4 NO_FABRICATION=4 CLINICAL_USE=4,4.0,4.0,4.0,4.0,4.0,4.0,4.0
T1_atn,qwen7b,genuine,353,326765685,SCORES: GROUNDING=4 BIOLOGY=4 COHERENCE=4 SPECIFICITY=4 NO_FABRICATION=4 CLINICAL_USE=3,4.0,4.0,4.0,4.0,4.0,3.0,3.8333333333333335
T1_atn,qwen7b,shuffled,144,309335492,SCORES: GROUNDING=2 BIOLOGY=3 COHERENCE=2 SPECIFICITY=1 NO_FABRICATION=4 CLINICAL_USE=2,2.0,3.0,2.0,1.0,4.0,2.0,2.333333333333333
T1_atn,qwen7b,genuine,52,326765669,SCORES: GROUNDING=4 BIOLOGY=4 COHERENCE=4 SPECIFICITY=4 NO_FABRICATION=4 CLINICAL_USE=4,4.0,4.0,4.0,4.0,4.0,4.0,4.0
T1_atn,qwen7b,genuine,277,309335461,SCORES: GROUNDING=4 BIOLOGY=4 COHERENCE=4 SPECIFICITY=4 NO_FABRICATION=4 CLINICAL_USE=3,4.0,4.0,4.0,4.0,4.0,3.0,3.8333333333333335
T1_atn,qwen7b,genuine,84,309335459,SCORES: GROUNDING=2 BIOLOGY=3 COHERENCE=3 SPECIFICITY=2 NO_FABRICATION=4 CLINICAL_USE=2,2.0,3.0,3.0,2.0,4.0,2.0,2.6666666666666665
T1_atn,qwen7b,shuffled,57,326765669,SCORES: GROUNDING=2 BIOLOGY=3 COHERENCE=2 SPECIFICITY=1 NO_FABRICATION=3 CLINICAL_USE=2,2.0,3.0,2.0,1.0,3.0,2.0,2.1666666666666665
T1_atn,qwen7b,shuffled,192,309335458,SCORES: GROUNDING=2 BIOLOGY=3 COHERENCE=2 SPECIFICITY=1 NO_FABRICATION=4 CLINICAL_USE=2,2.0,3.0,2.0,1.0,4.0,2.0,2.333333333333333
T1_atn,qwen7b,genuine,174,467056406,SCORES: GROUNDING=3 BIOLOGY=4 COHERENCE=3 SPECIFICITY=2 NO_FABRICATION=4 CLINICAL_USE=3,3.0,4.0,3.0,2.0,4.0,3.0,3.1666666666666665
T1_atn,qwen7b,genuine,310,309335493,SCORES: GROUNDING=4 BIOLOGY=4 COHERENCE=4 SPECIFICITY=4 NO_FABRICATION=4 CLINICAL_USE=4,4.0,4.0,4.0,4.0,4.0,4.0,4.0
T1_atn,qwen7b,shuffled,196,326765678,SCORES: GROUNDING=3 BIOLOGY=4 COHERENCE=3 SPECIFICITY=2 NO_FABRICATION=4 CLINICAL_USE=3,3.0,4.0,3.0,2.0,4.0,3.0,3.1666666666666665
T1_atn,qwen7b,shuffled,211,309335463,SCORES: GROUNDING=2 BIOLOGY=3 COHERENCE=2 SPECIFICITY=1 NO_FABRICATION=3 CLINICAL_USE=2,2.0,3.0,2.0,1.0,3.0,2.0,2.1666666666666665
T1_atn,qwen7b,shuffled,209,309335453,SCORES: GROUNDING=3 BIOLOGY=4 COHERENCE=3 SPECIFICITY=2 NO_FABRICATION=4 CLINICAL_USE=3,3.0,4.0,3.0,2.0,4.0,3.0,3.1666666666666665
T1_atn,qwen7b,shuffled,116,309335479,SCORES: GROUNDING=2 BIOLOGY=3 COHERENCE=2 SPECIFICITY=1 NO_FABRICATION=3 CLINICAL_USE=2,2.0,3.0,2.0,1.0,3.0,2.0,2.1666666666666665
T1_atn,qwen7b,genuine,369,309335467,SCORES: GROUNDING=3 BIOLOGY=4 COHERENCE=3 SPECIFICITY=2 NO_FABRICATION=4 CLINICAL_USE=3,3.0,4.0,3.0,2.0,4.0,3.0,3.1666666666666665
T1_atn,qwen7b,genuine,65,309335455,SCORES: GROUNDING=3 BIOLOGY=4 COHERENCE=3 SPECIFICITY=2 NO_FABRICATION=4 CLINICAL_USE=3,3.0,4.0,3.0,2.0,4.0,3.0,3.1666666666666665
T1_atn,qwen7b,genuine,328,326765655,SCORES: GROUNDING=4 BIOLOGY=4 COHERENCE=4 SPECIFICITY=4 NO_FABRICATION=4 CLINICAL_USE=4,4.0,4.0,4.0,4.0,4.0,4.0,4.0
T1_atn,qwen7b,genuine,187,326765684,SCORES: GROUNDING=4 BIOLOGY=4 COHERENCE=4 SPECIFICITY=3 NO_FABRICATION=4 CLINICAL_USE=3,4.0,4.0,4.0,3.0,4.0,3.0,3.6666666666666665
T1_atn,qwen7b,shuffled,55,309335456,SCORES: GROUNDING=2 BIOLOGY=4 COHERENCE=3 SPECIFICITY=2 NO_FABRICATION=4 CLINICAL_USE=3,2.0,4.0,3.0,2.0,4.0,3.0,3.0
T1_atn,qwen7b,genuine,117,309335492,SCORES: GROUNDING=3 BIOLOGY=4 COHERENCE=3 SPECIFICITY=2 NO_FABRICATION=4 CLINICAL_USE=3,3.0,4.0,3.0,2.0,4.0,3.0,3.1666666666666665
T1_atn,qwen7b,shuffled,92,309335491,SCORES: GROUNDING=2 BIOLOGY=3 COHERENCE=3 SPECIFICITY=2 NO_FABRICATION=4 CLINICAL_USE=3,2.0,3.0,3.0,2.0,4.0,3.0,2.833333333333333
T1_atn,qwen7b,genuine,263,309335487,SCORES: GROUNDING=4 BIOLOGY=4 COHERENCE=4 SPECIFICITY=3 NO_FABRICATION=4 CLINICAL_USE=3,4.0,4.0,4.0,3.0,4.0,3.0,3.6666666666666665
T1_atn,qwen7b,genuine,55,309335456,SCORES: GROUNDING=4 BIOLOGY=4 COHERENCE=3 SPECIFICITY=3 NO_FABRICATION=4 CLINICAL_USE=3,4.0,4.0,3.0,3.0,4.0,3.0,3.5
T1_atn,qwen7b,genuine,135,326765662,SCORES: GROUNDING=4 BIOLOGY=4 COHERENCE=4 SPECIFICITY=3 NO_FABRICATION=4 CLINICAL_USE=3,4.0,4.0,4.0,3.0,4.0,3.0,3.6666666666666665
T1_atn,qwen7b,shuffled,286,467056408,SCORES: GROUNDING=2 BIOLOGY=3 COHERENCE=3 SPECIFICITY=2 NO_FABRICATION=4 CLINICAL_USE=3,2.0,3.0,3.0,2.0,4.0,3.0,2.833333333333333
T1_atn,qwen7b,genuine,375,309335458,SCORES: GROUNDING=4 BIOLOGY=4 COHERENCE=4 SPECIFICITY=4 NO_FABRICATION=4 CLINICAL_USE=4,4.0,4.0,4.0,4.0,4.0,4.0,4.0
T1_atn,qwen7b,genuine,224,309335481,SCORES: GROUNDING=4 BIOLOGY=4 COHERENCE=4 SPECIFICITY=4 NO_FABRICATION=4 CLINICAL_USE=4,4.0,4.0,4.0,4.0,4.0,4.0,4.0
T1_atn,qwen7b,genuine,203,326765650,SCORES: GROUNDING=4 BIOLOGY=4 COHERENCE=4 SPECIFICITY=4 NO_FABRICATION=4 CLINICAL_USE=4,4.0,4.0,4.0,4.0,4.0,4.0,4.0
T1_atn,qwen7b,genuine,46,326765681,SCORES: GROUNDING=4 BIOLOGY=4 COHERENCE=4 SPECIFICITY=4 NO_FABRICATION=4 CLINICAL_USE=3,4.0,4.0,4.0,4.0,4.0,3.0,3.8333333333333335
T1_atn,qwen7b,shuffled,311,326765678,SCORES: GROUNDING=3 BIOLOGY=4 COHERENCE=3 SPECIFICITY=2 NO_FABRICATION=4 CLINICAL_USE=3,3.0,4.0,3.0,2.0,4.0,3.0,3.1666666666666665
T1_atn,qwen7b,shuffled,195,309335445,SCORES: GROUNDING=3 BIOLOGY=4 COHERENCE=4 SPECIFICITY=3 NO_FABRICATION=4 CLINICAL_USE=3,3.0,4.0,4.0,3.0,4.0,3.0,3.5
T2_brainage,qwen7b,genuine,86,OAS1_0289,SCORES: GROUNDING=3 BIOLOGY=4 COHERENCE=3 SPECIFICITY=2 NO_FABRICATION=4 CLINICAL_USE=3,3.0,4.0,3.0,2.0,4.0,3.0,3.1666666666666665
T2_brainage,qwen7b,shuffled,87,OAS1_0292,SCORES: GROUNDING=2 BIOLOGY=3 COHERENCE=2 SPECIFICITY=1 NO_FABRICATION=3 CLINICAL_USE=2,2.0,3.0,2.0,1.0,3.0,2.0,2.1666666666666665
T2_brainage,qwen7b,genuine,192,OAS2_0057,SCORES: GROUNDING=3 BIOLOGY=4 COHERENCE=3 SPECIFICITY=2 NO_FABRICATION=4 CLINICAL_USE=3,3.0,4.0,3.0,2.0,4.0,3.0,3.1666666666666665
T2_brainage,qwen7b,genuine,54,OAS1_0197,SCORES: GROUNDING=3 BIOLOGY=3 COHERENCE=3 SPECIFICITY=2 NO_FABRICATION=4 CLINICAL_USE=3,3.0,3.0,3.0,2.0,4.0,3.0,3.0
T2_brainage,qwen7b,genuine,319,OAS2_0183,SCORES: GROUNDING=4 BIOLOGY=4 COHERENCE=4 SPECIFICITY=4 NO_FABRICATION=4 CLINICAL_USE=3,4.0,4.0,4.0,4.0,4.0,3.0,3.8333333333333335
T2_brainage,qwen7b,genuine,180,OAS2_0049,SCORES: GROUNDING=3 BIOLOGY=4 COHERENCE=3 SPECIFICITY=2 NO_FABRICATION=4 CLINICAL_USE=3,3.0,4.0,3.0,2.0,4.0,3.0,3.1666666666666665
T2_brainage,qwen7b,genuine,145,OAS2_0012,SCORES: GROUNDING=3 BIOLOGY=4 COHERENCE=3 SPECIFICITY=2 NO_FABRICATION=4 CLINICAL_USE=3,3.0,4.0,3.0,2.0,4.0,3.0,3.1666666666666665
T2_brainage,qwen7b,shuffled,253,OAS2_0109,SCORES: GROUNDING=2 BIOLOGY=3 COHERENCE=2 SPECIFICITY=1 NO_FABRICATION=3 CLINICAL_USE=2,2.0,3.0,2.0,1.0,3.0,2.0,2.1666666666666665
T2_brainage,qwen7b,shuffled,222,OAS2_0077,SCORES: GROUNDING=2 BIOLOGY=3 COHERENCE=2 SPECIFICITY=1 NO_FABRICATION=3 CLINICAL_USE=2,2.0,3.0,2.0,1.0,3.0,2.0,2.1666666666666665
T2_brainage,qwen7b,shuffled,279,OAS2_0141,SCORES: GROUNDING=2 BIOLOGY=3 COHERENCE=3 SPECIFICITY=2 NO_FABRICATION=4 CLINICAL_USE=2,2.0,3.0,3.0,2.0,4.0,2.0,2.6666666666666665
T2_brainage,qwen7b,shuffled,16,OAS1_0064,SCORES: GROUNDING=2 BIOLOGY=3 COHERENCE=2 SPECIFICITY=1 NO_FABRICATION=3 CLINICAL_USE=2,2.0,3.0,2.0,1.0,3.0,2.0,2.1666666666666665
T2_brainage,qwen7b,shuffled,145,OAS2_0012,SCORES: GROUNDING=2 BIOLOGY=3 COHERENCE=2 SPECIFICITY=1 NO_FABRICATION=3 CLINICAL_USE=2,2.0,3.0,2.0,1.0,3.0,2.0,2.1666666666666665
T2_brainage,qwen7b,shuffled,178,OAS2_0049,SCORES: GROUNDING=2 BIOLOGY=3 COHERENCE=2 SPECIFICITY=1 NO_FABRICATION=3 CLINICAL_USE=2,2.0,3.0,2.0,1.0,3.0,2.0,2.1666666666666665
T2_brainage,qwen7b,shuffled,172,OAS2_0042,SCORES: GROUNDING=2 BIOLOGY=3 COHERENCE=2 SPECIFICITY=1 NO_FABRICATION=3 CLINICAL_USE=2,2.0,3.0,2.0,1.0,3.0,2.0,2.1666666666666665
T2_brainage,qwen7b,shuffled,118,OAS1_0381,SCORES: GROUNDING=2 BIOLOGY=3 COHERENCE=2 SPECIFICITY=1 NO_FABRICATION=3 CLINICAL_USE=2,2.0,3.0,2.0,1.0,3.0,2.0,2.1666666666666665
T2_brainage,qwen7b,genuine,149,OAS2_0017,SCORES: GROUNDING=3 BIOLOGY=4 COHERENCE=3 SPECIFICITY=3 NO_FABRICATION=4 CLINICAL_USE=3,3.0,4.0,3.0,3.0,4.0,3.0,3.333333333333333
T2_brainage,qwen7b,shuffled,146,OAS2_0013,SCORES: GROUNDING=2 BIOLOGY=3 COHERENCE=2 SPECIFICITY=1 NO_FABRICATION=3 CLINICAL_USE=2,2.0,3.0,2.0,1.0,3.0,2.0,2.1666666666666665
T2_brainage,qwen7b,genuine,62,OAS1_0208,SCORES: GROUNDING=4 BIOLOGY=4 COHERENCE=4 SPECIFICITY=4 NO_FABRICATION=4 CLINICAL_USE=3,4.0,4.0,4.0,4.0,4.0,3.0,3.8333333333333335
T2_brainage,qwen7b,shuffled,148,OAS2_0013,SCORES: GROUNDING=2 BIOLOGY=3 COHERENCE=2 SPECIFICITY=1 NO_FABRICATION=3 CLINICAL_USE=2,2.0,3.0,2.0,1.0,3.0,2.0,2.1666666666666665
T2_brainage,qwen7b,shuffled,80,OAS1_0270,SCORES: GROUNDING=2 BIOLOGY=3 COHERENCE=2 SPECIFICITY=1 NO_FABRICATION=3 CLINICAL_USE=2,2.0,3.0,2.0,1.0,3.0,2.0,2.1666666666666665
T2_brainage,qwen7b,shuffled,45,OAS1_0169,SCORES: GROUNDING=3 BIOLOGY=4 COHERENCE=3 SPECIFICITY=3 NO_FABRICATION=4 CLINICAL_USE=3,3.0,4.0,3.0,3.0,4.0,3.0,3.333333333333333
T2_brainage,qwen7b,genuine,35,OAS1_0114,SCORES: GROUNDING=3 BIOLOGY=4 COHERENCE=3 SPECIFICITY=2 NO_FABRICATION=4 CLINICAL_USE=2,3.0,4.0,3.0,2.0,4.0,2.0,3.0
T2_brainage,qwen7b,shuffled,20,OAS1_0070,SCORES: GROUNDING=2 BIOLOGY=3 COHERENCE=2 SPECIFICITY=1 NO_FABRICATION=3 CLINICAL_USE=2,2.0,3.0,2.0,1.0,3.0,2.0,2.1666666666666665
T2_brainage,qwen7b,shuffled,272,OAS2_0129,SCORES: GROUNDING=2 BIOLOGY=3 COHERENCE=2 SPECIFICITY=1 NO_FABRICATION=3 CLINICAL_USE=2,2.0,3.0,2.0,1.0,3.0,2.0,2.1666666666666665
T2_brainage,qwen7b,shuffled,266,OAS2_0126,SCORES: GROUNDING=2 BIOLOGY=3 COHERENCE=2 SPECIFICITY=1 NO_FABRICATION=3 CLINICAL_USE=2,2.0,3.0,2.0,1.0,3.0,2.0,2.1666666666666665
T2_brainage,qwen7b,genuine,47,OAS1_0176,SCORES: GROUNDING=3 BIOLOGY=3 COHERENCE=3 SPECIFICITY=2 NO_FABRICATION=4 CLINICAL_USE=2,3.0,3.0,3.0,2.0,4.0,2.0,2.833333333333333
T2_brainage,qwen7b,shuffled,27,OAS1_0085,SCORES: GROUNDING=2 BIOLOGY=3 COHERENCE=2 SPECIFICITY=1 NO_FABRICATION=3 CLINICAL_USE=2,2.0,3.0,2.0,1.0,3.0,2.0,2.1666666666666665
T2_brainage,qwen7b,genuine,261,OAS2_0119,SCORES: GROUNDING=4 BIOLOGY=4 COHERENCE=3 SPECIFICITY=3 NO_FABRICATION=4 CLINICAL_USE=3,4.0,4.0,3.0,3.0,4.0,3.0,3.5
T2_brainage,qwen7b,genuine,103,OAS1_0343,SCORES: GROUNDING=3 BIOLOGY=4 COHERENCE=3 SPECIFICITY=2 NO_FABRICATION=4 CLINICAL_USE=3,3.0,4.0,3.0,2.0,4.0,3.0,3.1666666666666665
T2_brainage,qwen7b,shuffled,309,OAS2_0174,SCORES: GROUNDING=2 BIOLOGY=3 COHERENCE=2 SPECIFICITY=1 NO_FABRICATION=4 CLINICAL_USE=2,2.0,3.0,2.0,1.0,4.0,2.0,2.333333333333333
T2_brainage,qwen7b,genuine,0,OAS1_0001,SCORES: GROUNDING=4 BIOLOGY=4 COHERENCE=4 SPECIFICITY=4 NO_FABRICATION=4 CLINICAL_USE=3,4.0,4.0,4.0,4.0,4.0,3.0,3.8333333333333335
T2_brainage,qwen7b,genuine,273,OAS2_0129,SCORES: GROUNDING=3 BIOLOGY=3 COHERENCE=3 SPECIFICITY=2 NO_FABRICATION=4 CLINICAL_USE=3,3.0,3.0,3.0,2.0,4.0,3.0,3.0
T2_brainage,qwen7b,shuffled,10,OAS1_0032,SCORES: GROUNDING=2 BIOLOGY=3 COHERENCE=2 SPECIFICITY=1 NO_FABRICATION=3 CLINICAL_USE=2,2.0,3.0,2.0,1.0,3.0,2.0,2.1666666666666665
T2_brainage,qwen7b,genuine,303,OAS2_0169,SCORES: GROUNDING=2 BIOLOGY=3 COHERENCE=3 SPECIFICITY=2 NO_FABRICATION=4 CLINICAL_USE=2,2.0,3.0,3.0,2.0,4.0,2.0,2.6666666666666665
T2_brainage,qwen7b,genuine,191,OAS2_0056,SCORES: GROUNDING=3 BIOLOGY=2 COHERENCE=3 SPECIFICITY=2 NO_FABRICATION=4 CLINICAL_USE=2,3.0,2.0,3.0,2.0,4.0,2.0,2.6666666666666665
T2_brainage,qwen7b,shuffled,0,OAS1_0001,SCORES: GROUNDING=2 BIOLOGY=3 COHERENCE=3 SPECIFICITY=2 NO_FABRICATION=3 CLINICAL_USE=2,2.0,3.0,3.0,2.0,3.0,2.0,2.5
T2_brainage,qwen7b,shuffled,74,OAS1_0255,SCORES: GROUNDING=2 BIOLOGY=3 COHERENCE=2 SPECIFICITY=1 NO_FABRICATION=3 CLINICAL_USE=2,2.0,3.0,2.0,1.0,3.0,2.0,2.1666666666666665
T2_brainage,qwen7b,genuine,148,OAS2_0013,SCORES: GROUNDING=3 BIOLOGY=3 COHERENCE=3 SPECIFICITY=2 NO_FABRICATION=4 CLINICAL_USE=3,3.0,3.0,3.0,2.0,4.0,3.0,3.0
T2_brainage,qwen7b,genuine,287,OAS2_0147,SCORES: GROUNDING=2 BIOLOGY=3 COHERENCE=3 SPECIFICITY=2 NO_FABRICATION=4 CLINICAL_USE=2,2.0,3.0,3.0,2.0,4.0,2.0,2.6666666666666665
T2_brainage,qwen7b,shuffled,117,OAS1_0378,SCORES: GROUNDING=2 BIOLOGY=3 COHERENCE=2 SPECIFICITY=1 NO_FABRICATION=4 CLINICAL_USE=2,2.0,3.0,2.0,1.0,4.0,2.0,2.333333333333333
T2_brainage,qwen7b,genuine,38,OAS1_0133,SCORES: GROUNDING=3 BIOLOGY=4 COHERENCE=3 SPECIFICITY=2 NO_FABRICATION=4 CLINICAL_USE=3,3.0,4.0,3.0,2.0,4.0,3.0,3.1666666666666665
T2_brainage,qwen7b,genuine,144,OAS2_0012,SCORES: GROUNDING=3 BIOLOGY=3 COHERENCE=3 SPECIFICITY=2 NO_FABRICATION=4 CLINICAL_USE=3,3.0,3.0,3.0,2.0,4.0,3.0,3.0
T2_brainage,qwen7b,genuine,117,OAS1_0378,SCORES: GROUNDING=3 BIOLOGY=3 COHERENCE=3 SPECIFICITY=2 NO_FABRICATION=4 CLINICAL_USE=2,3.0,3.0,3.0,2.0,4.0,2.0,2.833333333333333
T2_brainage,qwen7b,genuine,217,OAS2_0073,SCORES: GROUNDING=3 BIOLOGY=2 COHERENCE=2 SPECIFICITY=2 NO_FABRICATION=3 CLINICAL_USE=2,3.0,2.0,2.0,2.0,3.0,2.0,2.333333333333333
T2_brainage,qwen7b,shuffled,247,OAS2_0100,SCORES: GROUNDING=2 BIOLOGY=3 COHERENCE=2 SPECIFICITY=1 NO_FABRICATION=3 CLINICAL_USE=2,2.0,3.0,2.0,1.0,3.0,2.0,2.1666666666666665
T2_brainage,qwen7b,shuffled,46,OAS1_0170,SCORES: GROUNDING=2 BIOLOGY=3 COHERENCE=3 SPECIFICITY=2 NO_FABRICATION=4 CLINICAL_USE=3,2.0,3.0,3.0,2.0,4.0,3.0,2.833333333333333
T2_brainage,qwen7b,genuine,260,OAS2_0119,SCORES: GROUNDING=4 BIOLOGY=4 COHERENCE=4 SPECIFICITY=4 NO_FABRICATION=4 CLINICAL_USE=3,4.0,4.0,4.0,4.0,4.0,3.0,3.8333333333333335
T2_brainage,qwen7b,genuine,69,OAS1_0234,SCORES: GROUNDING=3 BIOLOGY=3 COHERENCE=3 SPECIFICITY=2 NO_FABRICATION=4 CLINICAL_USE=2,3.0,3.0,3.0,2.0,4.0,2.0,2.833333333333333
T2_brainage,qwen7b,genuine,102,OAS1_0342,SCORES: GROUNDING=3 BIOLOGY=4 COHERENCE=3 SPECIFICITY=2 NO_FABRICATION=4 CLINICAL_USE=3,3.0,4.0,3.0,2.0,4.0,3.0,3.1666666666666665
T2_brainage,qwen7b,shuffled,104,OAS1_0345,SCORES: GROUNDING=2 BIOLOGY=3 COHERENCE=2 SPECIFICITY=1 NO_FABRICATION=3 CLINICAL_USE=2,2.0,3.0,2.0,1.0,3.0,2.0,2.1666666666666665
T2_brainage,qwen7b,shuffled,250,OAS2_0101,SCORES: GROUNDING=2 BIOLOGY=3 COHERENCE=2 SPECIFICITY=1 NO_FABRICATION=3 CLINICAL_USE=2,2.0,3.0,2.0,1.0,3.0,2.0,2.1666666666666665
T2_brainage,qwen7b,genuine,80,OAS1_0270,SCORES: GROUNDING=3 BIOLOGY=3 COHERENCE=3 SPECIFICITY=2 NO_FABRICATION=4 CLINICAL_USE=2,3.0,3.0,3.0,2.0,4.0,2.0,2.833333333333333
T2_brainage,qwen7b,genuine,75,OAS1_0256,SCORES: GROUNDING=3 BIOLOGY=3 COHERENCE=3 SPECIFICITY=2 NO_FABRICATION=4 CLINICAL_USE=2,3.0,3.0,3.0,2.0,4.0,2.0,2.833333333333333
T2_brainage,qwen7b,shuffled,41,OAS1_0139,SCORES: GROUNDING=3 BIOLOGY=3 COHERENCE=3 SPECIFICITY=2 NO_FABRICATION=4 CLINICAL_USE=2,3.0,3.0,3.0,2.0,4.0,2.0,2.833333333333333
T2_brainage,qwen7b,shuffled,82,OAS1_0274,SCORES: GROUNDING=2 BIOLOGY=3 COHERENCE=2 SPECIFICITY=1 NO_FABRICATION=3 CLINICAL_USE=2,2.0,3.0,2.0,1.0,3.0,2.0,2.1666666666666665
T2_brainage,qwen7b,genuine,263,OAS2_0121,SCORES: GROUNDING=3 BIOLOGY=3 COHERENCE=3 SPECIFICITY=2 NO_FABRICATION=4 CLINICAL_USE=2,3.0,3.0,3.0,2.0,4.0,2.0,2.833333333333333
T2_brainage,qwen7b,genuine,265,OAS2_0122,SCORES: GROUNDING=3 BIOLOGY=2 COHERENCE=3 SPECIFICITY=2 NO_FABRICATION=4 CLINICAL_USE=2,3.0,2.0,3.0,2.0,4.0,2.0,2.6666666666666665
T2_brainage,qwen7b,shuffled,206,OAS2_0068,SCORES: GROUNDING=2 BIOLOGY=3 COHERENCE=2 SPECIFICITY=1 NO_FABRICATION=3 CLINICAL_USE=2,2.0,3.0,2.0,1.0,3.0,2.0,2.1666666666666665
T2_brainage,qwen7b,genuine,266,OAS2_0126,SCORES: GROUNDING=3 BIOLOGY=3 COHERENCE=3 SPECIFICITY=2 NO_FABRICATION=4 CLINICAL_USE=2,3.0,3.0,3.0,2.0,4.0,2.0,2.833333333333333
T2_brainage,qwen7b,genuine,39,OAS1_0135,SCORES: GROUNDING=4 BIOLOGY=4 COHERENCE=4 SPECIFICITY=4 NO_FABRICATION=4 CLINICAL_USE=3,4.0,4.0,4.0,4.0,4.0,3.0,3.8333333333333335
T2_brainage,qwen7b,shuffled,197,OAS2_0061,SCORES: GROUNDING=2 BIOLOGY=3 COHERENCE=2 SPECIFICITY=1 NO_FABRICATION=3 CLINICAL_USE=2,2.0,3.0,2.0,1.0,3.0,2.0,2.1666666666666665
T2_brainage,qwen7b,genuine,46,OAS1_0170,SCORES: GROUNDING=3 BIOLOGY=3 COHERENCE=3 SPECIFICITY=2 NO_FABRICATION=4 CLINICAL_USE=2,3.0,3.0,3.0,2.0,4.0,2.0,2.833333333333333
T2_brainage,qwen7b,genuine,213,OAS2_0070,SCORES: GROUNDING=3 BIOLOGY=3 COHERENCE=3 SPECIFICITY=2 NO_FABRICATION=4 CLINICAL_USE=2,3.0,3.0,3.0,2.0,4.0,2.0,2.833333333333333
T2_brainage,qwen7b,genuine,134,OAS1_0457,SCORES: GROUNDING=3 BIOLOGY=4 COHERENCE=3 SPECIFICITY=2 NO_FABRICATION=4 CLINICAL_USE=2,3.0,4.0,3.0,2.0,4.0,2.0,3.0
T2_brainage,qwen7b,genuine,37,OAS1_0130,SCORES: GROUNDING=3 BIOLOGY=3 COHERENCE=3 SPECIFICITY=2 NO_FABRICATION=4 CLINICAL_USE=2,3.0,3.0,3.0,2.0,4.0,2.0,2.833333333333333
T2_brainage,qwen7b,genuine,296,OAS2_0156,SCORES: GROUNDING=3 BIOLOGY=3 COHERENCE=2 SPECIFICITY=2 NO_FABRICATION=4 CLINICAL_USE=2,3.0,3.0,2.0,2.0,4.0,2.0,2.6666666666666665
T2_brainage,qwen7b,shuffled,281,OAS2_0142,SCORES: GROUNDING=2 BIOLOGY=3 COHERENCE=2 SPECIFICITY=1 NO_FABRICATION=3 CLINICAL_USE=2,2.0,3.0,2.0,1.0,3.0,2.0,2.1666666666666665
T2_brainage,qwen7b,genuine,216,OAS2_0073,SCORES: GROUNDING=3 BIOLOGY=4 COHERENCE=3 SPECIFICITY=3 NO_FABRICATION=4 CLINICAL_USE=3,3.0,4.0,3.0,3.0,4.0,3.0,3.333333333333333
T2_brainage,qwen7b,shuffled,221,OAS2_0076,SCORES: GROUNDING=3 BIOLOGY=3 COHERENCE=3 SPECIFICITY=2 NO_FABRICATION=4 CLINICAL_USE=2,3.0,3.0,3.0,2.0,4.0,2.0,2.833333333333333
T2_brainage,qwen7b,shuffled,288,OAS2_0147,SCORES: GROUNDING=2 BIOLOGY=3 COHERENCE=2 SPECIFICITY=1 NO_FABRICATION=3 CLINICAL_USE=2,2.0,3.0,2.0,1.0,3.0,2.0,2.1666666666666665
T2_brainage,qwen7b,genuine,288,OAS2_0147,SCORES: GROUNDING=2 BIOLOGY=3 COHERENCE=3 SPECIFICITY=2 NO_FABRICATION=4 CLINICAL_USE=2,2.0,3.0,3.0,2.0,4.0,2.0,2.6666666666666665
T2_brainage,qwen7b,genuine,20,OAS1_0070,SCORES: GROUNDING=3 BIOLOGY=4 COHERENCE=3 SPECIFICITY=2 NO_FABRICATION=4 CLINICAL_USE=3,3.0,4.0,3.0,2.0,4.0,3.0,3.1666666666666665
T2_brainage,qwen7b,shuffled,30,OAS1_0106,SCORES: GROUNDING=3 BIOLOGY=3 COHERENCE=3 SPECIFICITY=2 NO_FABRICATION=4 CLINICAL_USE=3,3.0,3.0,3.0,2.0,4.0,3.0,3.0
T2_brainage,qwen7b,genuine,16,OAS1_0064,SCORES: GROUNDING=3 BIOLOGY=3 COHERENCE=3 SPECIFICITY=2 NO_FABRICATION=4 CLINICAL_USE=2,3.0,3.0,3.0,2.0,4.0,2.0,2.833333333333333
T2_brainage,qwen7b,genuine,104,OAS1_0345,SCORES: GROUNDING=3 BIOLOGY=4 COHERENCE=4 SPECIFICITY=3 NO_FABRICATION=4 CLINICAL_USE=3,3.0,4.0,4.0,3.0,4.0,3.0,3.5
T2_brainage,qwen7b,shuffled,180,OAS2_0049,SCORES: GROUNDING=2 BIOLOGY=3 COHERENCE=2 SPECIFICITY=1 NO_FABRICATION=3 CLINICAL_USE=2,2.0,3.0,2.0,1.0,3.0,2.0,2.1666666666666665
T2_brainage,qwen7b,genuine,100,OAS1_0338,SCORES: GROUNDING=4 BIOLOGY=4 COHERENCE=4 SPECIFICITY=4 NO_FABRICATION=4 CLINICAL_USE=3,4.0,4.0,4.0,4.0,4.0,3.0,3.8333333333333335
T2_brainage,qwen7b,genuine,276,OAS2_0138,SCORES: GROUNDING=2 BIOLOGY=3 COHERENCE=2 SPECIFICITY=1 NO_FABRICATION=3 CLINICAL_USE=2,2.0,3.0,2.0,1.0,3.0,2.0,2.1666666666666665
T2_brainage,qwen7b,shuffled,209,OAS2_0070,SCORES: GROUNDING=2 BIOLOGY=3 COHERENCE=2 SPECIFICITY=1 NO_FABRICATION=3 CLINICAL_USE=2,2.0,3.0,2.0,1.0,3.0,2.0,2.1666666666666665
T2_brainage,qwen7b,shuffled,150,OAS2_0017,SCORES: GROUNDING=2 BIOLOGY=3 COHERENCE=2 SPECIFICITY=1 NO_FABRICATION=3 CLINICAL_USE=2,2.0,3.0,2.0,1.0,3.0,2.0,2.1666666666666665
T2_brainage,qwen7b,genuine,247,OAS2_0100,SCORES: GROUNDING=3 BIOLOGY=3 COHERENCE=3 SPECIFICITY=2 NO_FABRICATION=4 CLINICAL_USE=2,3.0,3.0,3.0,2.0,4.0,2.0,2.833333333333333
T2_brainage,qwen7b,genuine,281,OAS2_0142,SCORES: GROUNDING=4 BIOLOGY=4 COHERENCE=4 SPECIFICITY=4 NO_FABRICATION=4 CLINICAL_USE=3,4.0,4.0,4.0,4.0,4.0,3.0,3.8333333333333335
T2_brainage,qwen7b,shuffled,56,OAS1_0200,SCORES: GROUNDING=3 BIOLOGY=3 COHERENCE=3 SPECIFICITY=2 NO_FABRICATION=4 CLINICAL_USE=2,3.0,3.0,3.0,2.0,4.0,2.0,2.833333333333333
T2_brainage,qwen7b,shuffled,287,OAS2_0147,SCORES: GROUNDING=2 BIOLOGY=3 COHERENCE=3 SPECIFICITY=2 NO_FABRICATION=3 CLINICAL_USE=2,2.0,3.0,3.0,2.0,3.0,2.0,2.5
T2_brainage,qwen7b,shuffled,66,OAS1_0221,SCORES: GROUNDING=2 BIOLOGY=3 COHERENCE=2 SPECIFICITY=2 NO_FABRICATION=3 CLINICAL_USE=2,2.0,3.0,2.0,2.0,3.0,2.0,2.333333333333333
T2_brainage,qwen7b,shuffled,184,OAS2_0052,SCORES: GROUNDING=3 BIOLOGY=4 COHERENCE=3 SPECIFICITY=2 NO_FABRICATION=4 CLINICAL_USE=3,3.0,4.0,3.0,2.0,4.0,3.0,3.1666666666666665
T2_brainage,qwen7b,genuine,209,OAS2_0070,SCORES: GROUNDING=3 BIOLOGY=3 COHERENCE=2 SPECIFICITY=2 NO_FABRICATION=4 CLINICAL_USE=2,3.0,3.0,2.0,2.0,4.0,2.0,2.6666666666666665
T2_brainage,qwen7b,shuffled,47,OAS1_0176,SCORES: GROUNDING=2 BIOLOGY=3 COHERENCE=3 SPECIFICITY=1 NO_FABRICATION=3 CLINICAL_USE=2,2.0,3.0,3.0,1.0,3.0,2.0,2.333333333333333
T2_brainage,qwen7b,shuffled,216,OAS2_0073,SCORES: GROUNDING=2 BIOLOGY=3 COHERENCE=3 SPECIFICITY=2 NO_FABRICATION=4 CLINICAL_USE=3,2.0,3.0,3.0,2.0,4.0,3.0,2.833333333333333
T2_brainage,qwen7b,genuine,125,OAS1_0428,SCORES: GROUNDING=3 BIOLOGY=4 COHERENCE=3 SPECIFICITY=2 NO_FABRICATION=4 CLINICAL_USE=3,3.0,4.0,3.0,2.0,4.0,3.0,3.1666666666666665
T2_brainage,qwen7b,genuine,223,OAS2_0077,SCORES: GROUNDING=3 BIOLOGY=4 COHERENCE=3 SPECIFICITY=2 NO_FABRICATION=4 CLINICAL_USE=3,3.0,4.0,3.0,2.0,4.0,3.0,3.1666666666666665
T2_brainage,qwen7b,genuine,71,OAS1_0241,SCORES: GROUNDING=3 BIOLOGY=4 COHERENCE=3 SPECIFICITY=2 NO_FABRICATION=4 CLINICAL_USE=3,3.0,4.0,3.0,2.0,4.0,3.0,3.1666666666666665
T2_brainage,qwen7b,genuine,272,OAS2_0129,SCORES: GROUNDING=3 BIOLOGY=3 COHERENCE=3 SPECIFICITY=2 NO_FABRICATION=4 CLINICAL_USE=2,3.0,3.0,3.0,2.0,4.0,2.0,2.833333333333333
T2_brainage,qwen7b,genuine,17,OAS1_0065,SCORES: GROUNDING=4 BIOLOGY=4 COHERENCE=4 SPECIFICITY=4 NO_FABRICATION=4 CLINICAL_USE=3,4.0,4.0,4.0,4.0,4.0,3.0,3.8333333333333335
T2_brainage,qwen7b,shuffled,293,OAS2_0152,SCORES: GROUNDING=2 BIOLOGY=3 COHERENCE=2 SPECIFICITY=1 NO_FABRICATION=3 CLINICAL_USE=2,2.0,3.0,2.0,1.0,3.0,2.0,2.1666666666666665
T2_brainage,qwen7b,genuine,211,OAS2_0070,SCORES: GROUNDING=3 BIOLOGY=4 COHERENCE=3 SPECIFICITY=2 NO_FABRICATION=4 CLINICAL_USE=2,3.0,4.0,3.0,2.0,4.0,2.0,3.0
T2_brainage,qwen7b,shuffled,142,OAS2_0008,SCORES: GROUNDING=2 BIOLOGY=3 COHERENCE=2 SPECIFICITY=1 NO_FABRICATION=3 CLINICAL_USE=2,2.0,3.0,2.0,1.0,3.0,2.0,2.1666666666666665
T2_brainage,qwen7b,shuffled,121,OAS1_0404,SCORES: GROUNDING=2 BIOLOGY=3 COHERENCE=2 SPECIFICITY=1 NO_FABRICATION=3 CLINICAL_USE=2,2.0,3.0,2.0,1.0,3.0,2.0,2.1666666666666665
T2_brainage,qwen7b,genuine,82,OAS1_0274,SCORES: GROUNDING=3 BIOLOGY=4 COHERENCE=3 SPECIFICITY=2 NO_FABRICATION=4 CLINICAL_USE=2,3.0,4.0,3.0,2.0,4.0,2.0,3.0
T2_brainage,qwen7b,shuffled,54,OAS1_0197,SCORES: GROUNDING=2 BIOLOGY=3 COHERENCE=2 SPECIFICITY=1 NO_FABRICATION=3 CLINICAL_USE=2,2.0,3.0,2.0,1.0,3.0,2.0,2.1666666666666665
T2_brainage,qwen7b,shuffled,265,OAS2_0122,SCORES: GROUNDING=3 BIOLOGY=4 COHERENCE=3 SPECIFICITY=2 NO_FABRICATION=4 CLINICAL_USE=3,3.0,4.0,3.0,2.0,4.0,3.0,3.1666666666666665
T2_brainage,qwen7b,shuffled,35,OAS1_0114,SCORES: GROUNDING=2 BIOLOGY=3 COHERENCE=3 SPECIFICITY=2 NO_FABRICATION=4 CLINICAL_USE=2,2.0,3.0,3.0,2.0,4.0,2.0,2.6666666666666665
T2_brainage,qwen7b,shuffled,231,OAS2_0090,SCORES: GROUNDING=2 BIOLOGY=3 COHERENCE=2 SPECIFICITY=1 NO_FABRICATION=3 CLINICAL_USE=2,2.0,3.0,2.0,1.0,3.0,2.0,2.1666666666666665
T2_brainage,qwen7b,shuffled,314,OAS2_0178,SCORES: GROUNDING=2 BIOLOGY=3 COHERENCE=2 SPECIFICITY=1 NO_FABRICATION=3 CLINICAL_USE=2,2.0,3.0,2.0,1.0,3.0,2.0,2.1666666666666665
T2_brainage,qwen7b,genuine,234,OAS2_0091,SCORES: GROUNDING=4 BIOLOGY=4 COHERENCE=4 SPECIFICITY=4 NO_FABRICATION=4 CLINICAL_USE=3,4.0,4.0,4.0,4.0,4.0,3.0,3.8333333333333335
T2_brainage,qwen7b,shuffled,260,OAS2_0119,SCORES: GROUNDING=2 BIOLOGY=3 COHERENCE=2 SPECIFICITY=1 NO_FABRICATION=4 CLINICAL_USE=2,2.0,3.0,2.0,1.0,4.0,2.0,2.333333333333333
T2_brainage,qwen7b,shuffled,171,OAS2_0036,SCORES: GROUNDING=2 BIOLOGY=3 COHERENCE=3 SPECIFICITY=2 NO_FABRICATION=3 CLINICAL_USE=2,2.0,3.0,3.0,2.0,3.0,2.0,2.5
T2_brainage,qwen7b,genuine,139,OAS2_0005,SCORES: GROUNDING=3 BIOLOGY=4 COHERENCE=3 SPECIFICITY=2 NO_FABRICATION=4 CLINICAL_USE=3,3.0,4.0,3.0,2.0,4.0,3.0,3.1666666666666665
T2_brainage,qwen7b,shuffled,308,OAS2_0174,SCORES: GROUNDING=2 BIOLOGY=3 COHERENCE=2 SPECIFICITY=1 NO_FABRICATION=4 CLINICAL_USE=2,2.0,3.0,2.0,1.0,4.0,2.0,2.333333333333333
T2_brainage,qwen7b,genuine,56,OAS1_0200,SCORES: GROUNDING=3 BIOLOGY=3 COHERENCE=3 SPECIFICITY=2 NO_FABRICATION=4 CLINICAL_USE=2,3.0,3.0,3.0,2.0,4.0,2.0,2.833333333333333
T2_brainage,qwen7b,shuffled,134,OAS1_0457,SCORES: GROUNDING=2 BIOLOGY=3 COHERENCE=2 SPECIFICITY=1 NO_FABRICATION=3 CLINICAL_USE=2,2.0,3.0,2.0,1.0,3.0,2.0,2.1666666666666665
T2_brainage,qwen7b,genuine,185,OAS2_0052,SCORES: GROUNDING=4 BIOLOGY=4 COHERENCE=4 SPECIFICITY=4 NO_FABRICATION=4 CLINICAL_USE=3,4.0,4.0,4.0,4.0,4.0,3.0,3.8333333333333335
T2_brainage,qwen7b,genuine,257,OAS2_0117,SCORES: GROUNDING=3 BIOLOGY=3 COHERENCE=3 SPECIFICITY=3 NO_FABRICATION=4 CLINICAL_USE=3,3.0,3.0,3.0,3.0,4.0,3.0,3.1666666666666665
T2_brainage,qwen7b,shuffled,263,OAS2_0121,SCORES: GROUNDING=3 BIOLOGY=4 COHERENCE=3 SPECIFICITY=2 NO_FABRICATION=4 CLINICAL_USE=3,3.0,4.0,3.0,2.0,4.0,3.0,3.1666666666666665
T2_brainage,qwen7b,genuine,230,OAS2_0086,SCORES: GROUNDING=3 BIOLOGY=4 COHERENCE=3 SPECIFICITY=2 NO_FABRICATION=4 CLINICAL_USE=3,3.0,4.0,3.0,2.0,4.0,3.0,3.1666666666666665
T2_brainage,qwen7b,shuffled,33,OAS1_0112,SCORES: GROUNDING=2 BIOLOGY=3 COHERENCE=3 SPECIFICITY=2 NO_FABRICATION=4 CLINICAL_USE=2,2.0,3.0,3.0,2.0,4.0,2.0,2.6666666666666665
T2_brainage,qwen7b,genuine,108,OAS1_0357,SCORES: GROUNDING=3 BIOLOGY=3 COHERENCE=3 SPECIFICITY=2 NO_FABRICATION=4 CLINICAL_USE=2,3.0,3.0,3.0,2.0,4.0,2.0,2.833333333333333
T2_brainage,qwen7b,shuffled,125,OAS1_0428,SCORES: GROUNDING=2 BIOLOGY=3 COHERENCE=2 SPECIFICITY=1 NO_FABRICATION=3 CLINICAL_USE=2,2.0,3.0,2.0,1.0,3.0,2.0,2.1666666666666665
T2_brainage,qwen7b,genuine,66,OAS1_0221,SCORES: GROUNDING=3 BIOLOGY=3 COHERENCE=3 SPECIFICITY=2 NO_FABRICATION=4 CLINICAL_USE=3,3.0,3.0,3.0,2.0,4.0,3.0,3.0
T2_brainage,qwen7b,shuffled,149,OAS2_0017,SCORES: GROUNDING=3 BIOLOGY=3 COHERENCE=3 SPECIFICITY=3 NO_FABRICATION=4 CLINICAL_USE=3,3.0,3.0,3.0,3.0,4.0,3.0,3.1666666666666665
T2_brainage,qwen7b,shuffled,95,OAS1_0323,SCORES: GROUNDING=2 BIOLOGY=2 COHERENCE=2 SPECIFICITY=1 NO_FABRICATION=3 CLINICAL_USE=2,2.0,2.0,2.0,1.0,3.0,2.0,2.0
T2_brainage,qwen7b,genuine,314,OAS2_0178,SCORES: GROUNDING=4 BIOLOGY=4 COHERENCE=3 SPECIFICITY=3 NO_FABRICATION=4 CLINICAL_USE=3,4.0,4.0,3.0,3.0,4.0,3.0,3.5
T2_brainage,qwen7b,shuffled,235,OAS2_0091,SCORES: GROUNDING=2 BIOLOGY=3 COHERENCE=2 SPECIFICITY=1 NO_FABRICATION=3 CLINICAL_USE=2,2.0,3.0,2.0,1.0,3.0,2.0,2.1666666666666665
T2_brainage,qwen7b,shuffled,168,OAS2_0036,SCORES: GROUNDING=2 BIOLOGY=3 COHERENCE=2 SPECIFICITY=1 NO_FABRICATION=4 CLINICAL_USE=2,2.0,3.0,2.0,1.0,4.0,2.0,2.333333333333333
T2_brainage,qwen7b,shuffled,39,OAS1_0135,SCORES: GROUNDING=2 BIOLOGY=3 COHERENCE=2 SPECIFICITY=1 NO_FABRICATION=3 CLINICAL_USE=2,2.0,3.0,2.0,1.0,3.0,2.0,2.1666666666666665
T2_brainage,qwen7b,shuffled,185,OAS2_0052,SCORES: GROUNDING=3 BIOLOGY=4 COHERENCE=3 SPECIFICITY=2 NO_FABRICATION=4 CLINICAL_USE=3,3.0,4.0,3.0,2.0,4.0,3.0,3.1666666666666665
T2_brainage,qwen7b,genuine,30,OAS1_0106,SCORES: GROUNDING=3 BIOLOGY=3 COHERENCE=3 SPECIFICITY=3 NO_FABRICATION=4 CLINICAL_USE=3,3.0,3.0,3.0,3.0,4.0,3.0,3.1666666666666665
T2_brainage,qwen7b,shuffled,112,OAS1_0366,SCORES: GROUNDING=2 BIOLOGY=3 COHERENCE=2 SPECIFICITY=1 NO_FABRICATION=3 CLINICAL_USE=2,2.0,3.0,2.0,1.0,3.0,2.0,2.1666666666666665
T2_brainage,qwen7b,shuffled,90,OAS1_0301,SCORES: GROUNDING=2 BIOLOGY=3 COHERENCE=2 SPECIFICITY=1 NO_FABRICATION=3 CLINICAL_USE=2,2.0,3.0,2.0,1.0,3.0,2.0,2.1666666666666665
T2_brainage,qwen7b,shuffled,152,OAS2_0022,SCORES: GROUNDING=2 BIOLOGY=3 COHERENCE=2 SPECIFICITY=1 NO_FABRICATION=3 CLINICAL_USE=2,2.0,3.0,2.0,1.0,3.0,2.0,2.1666666666666665
T2_brainage,qwen7b,genuine,221,OAS2_0076,SCORES: GROUNDING=3 BIOLOGY=3 COHERENCE=3 SPECIFICITY=2 NO_FABRICATION=4 CLINICAL_USE=2,3.0,3.0,3.0,2.0,4.0,2.0,2.833333333333333
T2_brainage,qwen7b,genuine,168,OAS2_0036,SCORES: GROUNDING=2 BIOLOGY=3 COHERENCE=2 SPECIFICITY=1 NO_FABRICATION=3 CLINICAL_USE=2,2.0,3.0,2.0,1.0,3.0,2.0,2.1666666666666665
T2_brainage,qwen7b,genuine,89,OAS1_0299,SCORES: GROUNDING=3 BIOLOGY=4 COHERENCE=3 SPECIFICITY=2 NO_FABRICATION=4 CLINICAL_USE=3,3.0,4.0,3.0,2.0,4.0,3.0,3.1666666666666665
T2_brainage,qwen7b,genuine,293,OAS2_0152,SCORES: GROUNDING=3 BIOLOGY=3 COHERENCE=3 SPECIFICITY=2 NO_FABRICATION=4 CLINICAL_USE=3,3.0,3.0,3.0,2.0,4.0,3.0,3.0
T2_brainage,qwen7b,shuffled,144,OAS2_0012,SCORES: GROUNDING=2 BIOLOGY=3 COHERENCE=2 SPECIFICITY=1 NO_FABRICATION=3 CLINICAL_USE=2,2.0,3.0,2.0,1.0,3.0,2.0,2.1666666666666665
T2_brainage,qwen7b,genuine,74,OAS1_0255,SCORES: GROUNDING=4 BIOLOGY=4 COHERENCE=4 SPECIFICITY=4 NO_FABRICATION=4 CLINICAL_USE=3,4.0,4.0,4.0,4.0,4.0,3.0,3.8333333333333335
T2_brainage,qwen7b,genuine,87,OAS1_0292,SCORES: GROUNDING=3 BIOLOGY=2 COHERENCE=3 SPECIFICITY=2 NO_FABRICATION=4 CLINICAL_USE=2,3.0,2.0,3.0,2.0,4.0,2.0,2.6666666666666665
T2_brainage,qwen7b,genuine,302,OAS2_0161,SCORES: GROUNDING=3 BIOLOGY=3 COHERENCE=3 SPECIFICITY=2 NO_FABRICATION=4 CLINICAL_USE=2,3.0,3.0,3.0,2.0,4.0,2.0,2.833333333333333
T2_brainage,qwen7b,shuffled,69,OAS1_0234,SCORES: GROUNDING=2 BIOLOGY=3 COHERENCE=2 SPECIFICITY=1 NO_FABRICATION=3 CLINICAL_USE=2,2.0,3.0,2.0,1.0,3.0,2.0,2.1666666666666665
T2_brainage,qwen7b,genuine,235,OAS2_0091,SCORES: GROUNDING=4 BIOLOGY=4 COHERENCE=4 SPECIFICITY=4 NO_FABRICATION=4 CLINICAL_USE=3,4.0,4.0,4.0,4.0,4.0,3.0,3.8333333333333335
T2_brainage,qwen7b,genuine,105,OAS1_0354,SCORES: GROUNDING=3 BIOLOGY=4 COHERENCE=3 SPECIFICITY=2 NO_FABRICATION=4 CLINICAL_USE=3,3.0,4.0,3.0,2.0,4.0,3.0,3.1666666666666665
T2_brainage,qwen7b,genuine,171,OAS2_0036,SCORES: GROUNDING=3 BIOLOGY=3 COHERENCE=3 SPECIFICITY=2 NO_FABRICATION=4 CLINICAL_USE=3,3.0,3.0,3.0,2.0,4.0,3.0,3.0
T2_brainage,qwen7b,shuffled,105,OAS1_0354,SCORES: GROUNDING=2 BIOLOGY=3 COHERENCE=2 SPECIFICITY=1 NO_FABRICATION=3 CLINICAL_USE=2,2.0,3.0,2.0,1.0,3.0,2.0,2.1666666666666665
T2_brainage,qwen7b,genuine,121,OAS1_0404,SCORES: GROUNDING=3 BIOLOGY=3 COHERENCE=2 SPECIFICITY=2 NO_FABRICATION=4 CLINICAL_USE=2,3.0,3.0,2.0,2.0,4.0,2.0,2.6666666666666665
T2_brainage,qwen7b,shuffled,159,OAS2_0029,SCORES: GROUNDING=2 BIOLOGY=3 COHERENCE=2 SPECIFICITY=1 NO_FABRICATION=3 CLINICAL_USE=2,2.0,3.0,2.0,1.0,3.0,2.0,2.1666666666666665
T2_brainage,qwen7b,genuine,231,OAS2_0090,SCORES: GROUNDING=4 BIOLOGY=4 COHERENCE=4 SPECIFICITY=4 NO_FABRICATION=4 CLINICAL_USE=3,4.0,4.0,4.0,4.0,4.0,3.0,3.8333333333333335
T2_brainage,qwen7b,genuine,95,OAS1_0323,SCORES: GROUNDING=3 BIOLOGY=4 COHERENCE=3 SPECIFICITY=3 NO_FABRICATION=4 CLINICAL_USE=3,3.0,4.0,3.0,3.0,4.0,3.0,3.333333333333333
T2_brainage,qwen7b,shuffled,302,OAS2_0161,SCORES: GROUNDING=2 BIOLOGY=3 COHERENCE=2 SPECIFICITY=1 NO_FABRICATION=3 CLINICAL_USE=2,2.0,3.0,2.0,1.0,3.0,2.0,2.1666666666666665
T2_brainage,qwen7b,shuffled,210,OAS2_0070,SCORES: GROUNDING=2 BIOLOGY=3 COHERENCE=2 SPECIFICITY=1 NO_FABRICATION=3 CLINICAL_USE=2,2.0,3.0,2.0,1.0,3.0,2.0,2.1666666666666665
T2_brainage,qwen7b,shuffled,24,OAS1_0075,SCORES: GROUNDING=2 BIOLOGY=3 COHERENCE=2 SPECIFICITY=1 NO_FABRICATION=4 CLINICAL_USE=2,2.0,3.0,2.0,1.0,4.0,2.0,2.333333333333333
T2_brainage,qwen7b,genuine,184,OAS2_0052,SCORES: GROUNDING=3 BIOLOGY=3 COHERENCE=3 SPECIFICITY=2 NO_FABRICATION=4 CLINICAL_USE=2,3.0,3.0,3.0,2.0,4.0,2.0,2.833333333333333
T2_brainage,qwen7b,genuine,172,OAS2_0042,SCORES: GROUNDING=3 BIOLOGY=3 COHERENCE=3 SPECIFICITY=3 NO_FABRICATION=4 CLINICAL_USE=3,3.0,3.0,3.0,3.0,4.0,3.0,3.1666666666666665
T2_brainage,qwen7b,shuffled,192,OAS2_0057,SCORES: GROUNDING=2 BIOLOGY=3 COHERENCE=2 SPECIFICITY=1 NO_FABRICATION=3 CLINICAL_USE=2,2.0,3.0,2.0,1.0,3.0,2.0,2.1666666666666665
T2_brainage,qwen7b,genuine,199,OAS2_0062,SCORES: GROUNDING=4 BIOLOGY=3 COHERENCE=3 SPECIFICITY=3 NO_FABRICATION=4 CLINICAL_USE=2,4.0,3.0,3.0,3.0,4.0,2.0,3.1666666666666665
T2_brainage,qwen7b,shuffled,100,OAS1_0338,SCORES: GROUNDING=2 BIOLOGY=3 COHERENCE=2 SPECIFICITY=1 NO_FABRICATION=3 CLINICAL_USE=2,2.0,3.0,2.0,1.0,3.0,2.0,2.1666666666666665
T2_brainage,qwen7b,shuffled,139,OAS2_0005,SCORES: GROUNDING=2 BIOLOGY=3 COHERENCE=2 SPECIFICITY=1 NO_FABRICATION=3 CLINICAL_USE=2,2.0,3.0,2.0,1.0,3.0,2.0,2.1666666666666665
T2_brainage,qwen7b,shuffled,214,OAS2_0073,SCORES: GROUNDING=3 BIOLOGY=4 COHERENCE=3 SPECIFICITY=2 NO_FABRICATION=4 CLINICAL_USE=3,3.0,4.0,3.0,2.0,4.0,3.0,3.1666666666666665
T2_brainage,qwen7b,genuine,159,OAS2_0029,SCORES: GROUNDING=4 BIOLOGY=4 COHERENCE=4 SPECIFICITY=4 NO_FABRICATION=4 CLINICAL_USE=3,4.0,4.0,4.0,4.0,4.0,3.0,3.8333333333333335
T2_brainage,qwen7b,genuine,283,OAS2_0143,SCORES: GROUNDING=4 BIOLOGY=4 COHERENCE=4 SPECIFICITY=4 NO_FABRICATION=4 CLINICAL_USE=3,4.0,4.0,4.0,4.0,4.0,3.0,3.8333333333333335
T2_brainage,qwen7b,shuffled,101,OAS1_0341,SCORES: GROUNDING=2 BIOLOGY=3 COHERENCE=2 SPECIFICITY=1 NO_FABRICATION=3 CLINICAL_USE=2,2.0,3.0,2.0,1.0,3.0,2.0,2.1666666666666665
T2_brainage,qwen7b,shuffled,301,OAS2_0161,SCORES: GROUNDING=2 BIOLOGY=3 COHERENCE=2 SPECIFICITY=1 NO_FABRICATION=3 CLINICAL_USE=2,2.0,3.0,2.0,1.0,3.0,2.0,2.1666666666666665
T2_brainage,qwen7b,shuffled,283,OAS2_0143,SCORES: GROUNDING=3 BIOLOGY=3 COHERENCE=3 SPECIFICITY=2 NO_FABRICATION=4 CLINICAL_USE=2,3.0,3.0,3.0,2.0,4.0,2.0,2.833333333333333
T2_brainage,qwen7b,genuine,297,OAS2_0156,SCORES: GROUNDING=3 BIOLOGY=3 COHERENCE=3 SPECIFICITY=3 NO_FABRICATION=4 CLINICAL_USE=3,3.0,3.0,3.0,3.0,4.0,3.0,3.1666666666666665
T2_brainage,qwen7b,shuffled,246,OAS2_0100,SCORES: GROUNDING=2 BIOLOGY=3 COHERENCE=2 SPECIFICITY=1 NO_FABRICATION=3 CLINICAL_USE=2,2.0,3.0,2.0,1.0,3.0,2.0,2.1666666666666665
T2_brainage,qwen7b,genuine,279,OAS2_0141,SCORES: GROUNDING=3 BIOLOGY=4 COHERENCE=3 SPECIFICITY=2 NO_FABRICATION=4 CLINICAL_USE=3,3.0,4.0,3.0,2.0,4.0,3.0,3.1666666666666665
T2_brainage,qwen7b,shuffled,199,OAS2_0062,SCORES: GROUNDING=2 BIOLOGY=3 COHERENCE=2 SPECIFICITY=1 NO_FABRICATION=3 CLINICAL_USE=2,2.0,3.0,2.0,1.0,3.0,2.0,2.1666666666666665
T2_brainage,qwen7b,genuine,301,OAS2_0161,SCORES: GROUNDING=3 BIOLOGY=3 COHERENCE=3 SPECIFICITY=3 NO_FABRICATION=4 CLINICAL_USE=3,3.0,3.0,3.0,3.0,4.0,3.0,3.1666666666666665
T2_brainage,qwen7b,genuine,174,OAS2_0045,SCORES: GROUNDING=3 BIOLOGY=3 COHERENCE=3 SPECIFICITY=2 NO_FABRICATION=4 CLINICAL_USE=3,3.0,3.0,3.0,2.0,4.0,3.0,3.0
T2_brainage,qwen7b,genuine,77,OAS1_0260,SCORES: GROUNDING=3 BIOLOGY=4 COHERENCE=3 SPECIFICITY=3 NO_FABRICATION=4 CLINICAL_USE=3,3.0,4.0,3.0,3.0,4.0,3.0,3.333333333333333
T2_brainage,qwen7b,shuffled,191,OAS2_0056,SCORES: GROUNDING=2 BIOLOGY=3 COHERENCE=2 SPECIFICITY=1 NO_FABRICATION=3 CLINICAL_USE=2,2.0,3.0,2.0,1.0,3.0,2.0,2.1666666666666665
T2_brainage,qwen7b,genuine,24,OAS1_0075,SCORES: GROUNDING=3 BIOLOGY=3 COHERENCE=3 SPECIFICITY=2 NO_FABRICATION=4 CLINICAL_USE=3,3.0,3.0,3.0,2.0,4.0,3.0,3.0
T2_brainage,qwen7b,genuine,178,OAS2_0049,SCORES: GROUNDING=3 BIOLOGY=4 COHERENCE=3 SPECIFICITY=2 NO_FABRICATION=4 CLINICAL_USE=3,3.0,4.0,3.0,2.0,4.0,3.0,3.1666666666666665
T2_brainage,qwen7b,shuffled,230,OAS2_0086,SCORES: GROUNDING=2 BIOLOGY=3 COHERENCE=2 SPECIFICITY=1 NO_FABRICATION=3 CLINICAL_USE=2,2.0,3.0,2.0,1.0,3.0,2.0,2.1666666666666665
T2_brainage,qwen7b,shuffled,89,OAS1_0299,SCORES: GROUNDING=3 BIOLOGY=4 COHERENCE=3 SPECIFICITY=3 NO_FABRICATION=4 CLINICAL_USE=3,3.0,4.0,3.0,3.0,4.0,3.0,3.333333333333333
T2_brainage,qwen7b,shuffled,141,OAS2_0008,SCORES: GROUNDING=2 BIOLOGY=3 COHERENCE=2 SPECIFICITY=1 NO_FABRICATION=4 CLINICAL_USE=2,2.0,3.0,2.0,1.0,4.0,2.0,2.333333333333333
T2_brainage,qwen7b,genuine,150,OAS2_0017,SCORES: GROUNDING=3 BIOLOGY=4 COHERENCE=3 SPECIFICITY=3 NO_FABRICATION=4 CLINICAL_USE=3,3.0,4.0,3.0,3.0,4.0,3.0,3.333333333333333
T2_brainage,qwen7b,genuine,83,OAS1_0279,SCORES: GROUNDING=3 BIOLOGY=4 COHERENCE=3 SPECIFICITY=3 NO_FABRICATION=4 CLINICAL_USE=3,3.0,4.0,3.0,3.0,4.0,3.0,3.333333333333333
T2_brainage,qwen7b,genuine,146,OAS2_0013,SCORES: GROUNDING=3 BIOLOGY=3 COHERENCE=3 SPECIFICITY=2 NO_FABRICATION=4 CLINICAL_USE=2,3.0,3.0,3.0,2.0,4.0,2.0,2.833333333333333
T2_brainage,qwen7b,genuine,45,OAS1_0169,SCORES: GROUNDING=4 BIOLOGY=4 COHERENCE=4 SPECIFICITY=3 NO_FABRICATION=4 CLINICAL_USE=3,4.0,4.0,4.0,3.0,4.0,3.0,3.6666666666666665
T2_brainage,qwen7b,genuine,142,OAS2_0008,SCORES: GROUNDING=3 BIOLOGY=3 COHERENCE=3 SPECIFICITY=2 NO_FABRICATION=4 CLINICAL_USE=3,3.0,3.0,3.0,2.0,4.0,3.0,3.0
T2_brainage,qwen7b,shuffled,111,OAS1_0365,SCORES: GROUNDING=0 BIOLOGY=3 COHERENCE=2 SPECIFICITY=0 NO_FABRICATION=1 CLINICAL_USE=1,0.0,3.0,2.0,0.0,1.0,1.0,1.1666666666666667
T2_brainage,qwen7b,genuine,253,OAS2_0109,SCORES: GROUNDING=4 BIOLOGY=4 COHERENCE=3 SPECIFICITY=3 NO_FABRICATION=4 CLINICAL_USE=3,4.0,4.0,3.0,3.0,4.0,3.0,3.5
T2_brainage,qwen7b,genuine,197,OAS2_0061,SCORES: GROUNDING=3 BIOLOGY=4 COHERENCE=3 SPECIFICITY=2 NO_FABRICATION=4 CLINICAL_USE=3,3.0,4.0,3.0,2.0,4.0,3.0,3.1666666666666665
T2_brainage,qwen7b,shuffled,300,OAS2_0161,SCORES: GROUNDING=2 BIOLOGY=3 COHERENCE=2 SPECIFICITY=1 NO_FABRICATION=3 CLINICAL_USE=2,2.0,3.0,2.0,1.0,3.0,2.0,2.1666666666666665
T2_brainage,qwen7b,shuffled,297,OAS2_0156,SCORES: GROUNDING=2 BIOLOGY=3 COHERENCE=3 SPECIFICITY=2 NO_FABRICATION=3 CLINICAL_USE=2,2.0,3.0,3.0,2.0,3.0,2.0,2.5
T2_brainage,qwen7b,genuine,90,OAS1_0301,SCORES: GROUNDING=3 BIOLOGY=4 COHERENCE=3 SPECIFICITY=2 NO_FABRICATION=4 CLINICAL_USE=3,3.0,4.0,3.0,2.0,4.0,3.0,3.1666666666666665
T2_brainage,qwen7b,genuine,246,OAS2_0100,SCORES: GROUNDING=3 BIOLOGY=4 COHERENCE=3 SPECIFICITY=2 NO_FABRICATION=4 CLINICAL_USE=3,3.0,4.0,3.0,2.0,4.0,3.0,3.1666666666666665
T2_brainage,qwen7b,genuine,240,OAS2_0095,SCORES: GROUNDING=4 BIOLOGY=4 COHERENCE=4 SPECIFICITY=4 NO_FABRICATION=4 CLINICAL_USE=3,4.0,4.0,4.0,4.0,4.0,3.0,3.8333333333333335
T2_brainage,qwen7b,genuine,300,OAS2_0161,SCORES: GROUNDING=3 BIOLOGY=3 COHERENCE=3 SPECIFICITY=2 NO_FABRICATION=4 CLINICAL_USE=2,3.0,3.0,3.0,2.0,4.0,2.0,2.833333333333333
T2_brainage,qwen7b,shuffled,261,OAS2_0119,SCORES: GROUNDING=2 BIOLOGY=3 COHERENCE=2 SPECIFICITY=1 NO_FABRICATION=3 CLINICAL_USE=2,2.0,3.0,2.0,1.0,3.0,2.0,2.1666666666666665
T2_brainage,qwen7b,shuffled,38,OAS1_0133,SCORES: GROUNDING=2 BIOLOGY=3 COHERENCE=2 SPECIFICITY=1 NO_FABRICATION=3 CLINICAL_USE=2,2.0,3.0,2.0,1.0,3.0,2.0,2.1666666666666665
T2_brainage,qwen7b,genuine,222,OAS2_0077,SCORES: GROUNDING=3 BIOLOGY=3 COHERENCE=3 SPECIFICITY=2 NO_FABRICATION=4 CLINICAL_USE=3,3.0,3.0,3.0,2.0,4.0,3.0,3.0
T2_brainage,qwen7b,genuine,250,OAS2_0101,SCORES: GROUNDING=3 BIOLOGY=4 COHERENCE=3 SPECIFICITY=2 NO_FABRICATION=4 CLINICAL_USE=3,3.0,4.0,3.0,2.0,4.0,3.0,3.1666666666666665
T2_brainage,qwen7b,genuine,118,OAS1_0381,SCORES: GROUNDING=3 BIOLOGY=4 COHERENCE=3 SPECIFICITY=2 NO_FABRICATION=4 CLINICAL_USE=3,3.0,4.0,3.0,2.0,4.0,3.0,3.1666666666666665
T2_brainage,qwen7b,shuffled,37,OAS1_0130,SCORES: GROUNDING=2 BIOLOGY=3 COHERENCE=2 SPECIFICITY=1 NO_FABRICATION=3 CLINICAL_USE=2,2.0,3.0,2.0,1.0,3.0,2.0,2.1666666666666665
T2_brainage,qwen7b,shuffled,273,OAS2_0129,SCORES: GROUNDING=2 BIOLOGY=3 COHERENCE=2 SPECIFICITY=1 NO_FABRICATION=3 CLINICAL_USE=2,2.0,3.0,2.0,1.0,3.0,2.0,2.1666666666666665
T2_brainage,qwen7b,shuffled,86,OAS1_0289,SCORES: GROUNDING=2 BIOLOGY=3 COHERENCE=2 SPECIFICITY=1 NO_FABRICATION=3 CLINICAL_USE=2,2.0,3.0,2.0,1.0,3.0,2.0,2.1666666666666665
T2_brainage,qwen7b,shuffled,270,OAS2_0128,SCORES: GROUNDING=2 BIOLOGY=3 COHERENCE=2 SPECIFICITY=1 NO_FABRICATION=3 CLINICAL_USE=2,2.0,3.0,2.0,1.0,3.0,2.0,2.1666666666666665
T2_brainage,qwen7b,shuffled,213,OAS2_0070,SCORES: GROUNDING=2 BIOLOGY=3 COHERENCE=2 SPECIFICITY=1 NO_FABRICATION=3 CLINICAL_USE=2,2.0,3.0,2.0,1.0,3.0,2.0,2.1666666666666665
T2_brainage,qwen7b,shuffled,75,OAS1_0256,SCORES: GROUNDING=2 BIOLOGY=3 COHERENCE=3 SPECIFICITY=2 NO_FABRICATION=4 CLINICAL_USE=2,2.0,3.0,3.0,2.0,4.0,2.0,2.6666666666666665
T2_brainage,qwen7b,shuffled,42,OAS1_0146,SCORES: GROUNDING=2 BIOLOGY=3 COHERENCE=2 SPECIFICITY=1 NO_FABRICATION=3 CLINICAL_USE=2,2.0,3.0,2.0,1.0,3.0,2.0,2.1666666666666665
T2_brainage,qwen7b,shuffled,240,OAS2_0095,SCORES: GROUNDING=2 BIOLOGY=3 COHERENCE=2 SPECIFICITY=1 NO_FABRICATION=3 CLINICAL_USE=2,2.0,3.0,2.0,1.0,3.0,2.0,2.1666666666666665
T2_brainage,qwen7b,shuffled,77,OAS1_0260,SCORES: GROUNDING=2 BIOLOGY=3 COHERENCE=2 SPECIFICITY=1 NO_FABRICATION=3 CLINICAL_USE=2,2.0,3.0,2.0,1.0,3.0,2.0,2.1666666666666665
T2_brainage,qwen7b,shuffled,296,OAS2_0156,SCORES: GROUNDING=2 BIOLOGY=3 COHERENCE=3 SPECIFICITY=2 NO_FABRICATION=4 CLINICAL_USE=2,2.0,3.0,3.0,2.0,4.0,2.0,2.6666666666666665
T2_brainage,qwen7b,shuffled,102,OAS1_0342,SCORES: GROUNDING=2 BIOLOGY=3 COHERENCE=3 SPECIFICITY=2 NO_FABRICATION=4 CLINICAL_USE=2,2.0,3.0,3.0,2.0,4.0,2.0,2.6666666666666665
T2_brainage,qwen7b,genuine,96,OAS1_0326,SCORES: GROUNDING=4 BIOLOGY=4 COHERENCE=4 SPECIFICITY=3 NO_FABRICATION=4 CLINICAL_USE=3,4.0,4.0,4.0,3.0,4.0,3.0,3.6666666666666665
T2_brainage,qwen7b,shuffled,211,OAS2_0070,SCORES: GROUNDING=3 BIOLOGY=4 COHERENCE=3 SPECIFICITY=2 NO_FABRICATION=3 CLINICAL_USE=2,3.0,4.0,3.0,2.0,3.0,2.0,2.833333333333333
T2_brainage,qwen7b,shuffled,83,OAS1_0279,SCORES: GROUNDING=2 BIOLOGY=3 COHERENCE=2 SPECIFICITY=1 NO_FABRICATION=3 CLINICAL_USE=2,2.0,3.0,2.0,1.0,3.0,2.0,2.1666666666666665
T2_brainage,qwen7b,genuine,33,OAS1_0112,SCORES: GROUNDING=3 BIOLOGY=3 COHERENCE=3 SPECIFICITY=2 NO_FABRICATION=4 CLINICAL_USE=2,3.0,3.0,3.0,2.0,4.0,2.0,2.833333333333333
T2_brainage,qwen7b,genuine,41,OAS1_0139,SCORES: GROUNDING=3 BIOLOGY=4 COHERENCE=3 SPECIFICITY=2 NO_FABRICATION=4 CLINICAL_USE=3,3.0,4.0,3.0,2.0,4.0,3.0,3.1666666666666665
T2_brainage,qwen7b,genuine,11,OAS1_0033,SCORES: GROUNDING=3 BIOLOGY=4 COHERENCE=3 SPECIFICITY=2 NO_FABRICATION=4 CLINICAL_USE=3,3.0,4.0,3.0,2.0,4.0,3.0,3.1666666666666665
T2_brainage,qwen7b,genuine,206,OAS2_0068,SCORES: GROUNDING=3 BIOLOGY=3 COHERENCE=3 SPECIFICITY=3 NO_FABRICATION=4 CLINICAL_USE=3,3.0,3.0,3.0,3.0,4.0,3.0,3.1666666666666665
T2_brainage,qwen7b,genuine,42,OAS1_0146,SCORES: GROUNDING=2 BIOLOGY=3 COHERENCE=2 SPECIFICITY=1 NO_FABRICATION=3 CLINICAL_USE=2,2.0,3.0,2.0,1.0,3.0,2.0,2.1666666666666665
T2_brainage,qwen7b,shuffled,17,OAS1_0065,SCORES: GROUNDING=3 BIOLOGY=3 COHERENCE=3 SPECIFICITY=3 NO_FABRICATION=4 CLINICAL_USE=3,3.0,3.0,3.0,3.0,4.0,3.0,3.1666666666666665
T2_brainage,qwen7b,genuine,27,OAS1_0085,SCORES: GROUNDING=3 BIOLOGY=2 COHERENCE=3 SPECIFICITY=2 NO_FABRICATION=4 CLINICAL_USE=2,3.0,2.0,3.0,2.0,4.0,2.0,2.6666666666666665
T2_brainage,qwen7b,genuine,214,OAS2_0073,SCORES: GROUNDING=3 BIOLOGY=4 COHERENCE=3 SPECIFICITY=2 NO_FABRICATION=4 CLINICAL_USE=3,3.0,4.0,3.0,2.0,4.0,3.0,3.1666666666666665
T2_brainage,qwen7b,shuffled,223,OAS2_0077,SCORES: GROUNDING=2 BIOLOGY=3 COHERENCE=2 SPECIFICITY=1 NO_FABRICATION=3 CLINICAL_USE=2,2.0,3.0,2.0,1.0,3.0,2.0,2.1666666666666665
T2_brainage,qwen7b,shuffled,71,OAS1_0241,SCORES: GROUNDING=2 BIOLOGY=3 COHERENCE=3 SPECIFICITY=2 NO_FABRICATION=4 CLINICAL_USE=2,2.0,3.0,3.0,2.0,4.0,2.0,2.6666666666666665
T2_brainage,qwen7b,shuffled,234,OAS2_0091,SCORES: GROUNDING=2 BIOLOGY=3 COHERENCE=2 SPECIFICITY=1 NO_FABRICATION=3 CLINICAL_USE=2,2.0,3.0,2.0,1.0,3.0,2.0,2.1666666666666665
T2_brainage,qwen7b,shuffled,103,OAS1_0343,SCORES: GROUNDING=2 BIOLOGY=3 COHERENCE=2 SPECIFICITY=1 NO_FABRICATION=3 CLINICAL_USE=2,2.0,3.0,2.0,1.0,3.0,2.0,2.1666666666666665
T2_brainage,qwen7b,genuine,141,OAS2_0008,SCORES: GROUNDING=4 BIOLOGY=3 COHERENCE=3 SPECIFICITY=4 NO_FABRICATION=4 CLINICAL_USE=3,4.0,3.0,3.0,4.0,4.0,3.0,3.5
T2_brainage,qwen7b,shuffled,108,OAS1_0357,SCORES: GROUNDING=2 BIOLOGY=3 COHERENCE=2 SPECIFICITY=1 NO_FABRICATION=3 CLINICAL_USE=2,2.0,3.0,2.0,1.0,3.0,2.0,2.1666666666666665
T2_brainage,qwen7b,genuine,270,OAS2_0128,SCORES: GROUNDING=3 BIOLOGY=4 COHERENCE=3 SPECIFICITY=2 NO_FABRICATION=4 CLINICAL_USE=3,3.0,4.0,3.0,2.0,4.0,3.0,3.1666666666666665
T2_brainage,qwen7b,genuine,111,OAS1_0365,SCORES: GROUNDING=3 BIOLOGY=4 COHERENCE=3 SPECIFICITY=2 NO_FABRICATION=4 CLINICAL_USE=3,3.0,4.0,3.0,2.0,4.0,3.0,3.1666666666666665
T2_brainage,qwen7b,genuine,10,OAS1_0032,SCORES: GROUNDING=3 BIOLOGY=3 COHERENCE=3 SPECIFICITY=2 NO_FABRICATION=4 CLINICAL_USE=3,3.0,3.0,3.0,2.0,4.0,3.0,3.0
T2_brainage,qwen7b,genuine,309,OAS2_0174,SCORES: GROUNDING=3 BIOLOGY=4 COHERENCE=3 SPECIFICITY=2 NO_FABRICATION=4 CLINICAL_USE=3,3.0,4.0,3.0,2.0,4.0,3.0,3.1666666666666665
T2_brainage,qwen7b,shuffled,319,OAS2_0183,SCORES: GROUNDING=2 BIOLOGY=3 COHERENCE=2 SPECIFICITY=1 NO_FABRICATION=3 CLINICAL_USE=2,2.0,3.0,2.0,1.0,3.0,2.0,2.1666666666666665
T2_brainage,qwen7b,genuine,112,OAS1_0366,SCORES: GROUNDING=3 BIOLOGY=4 COHERENCE=3 SPECIFICITY=2 NO_FABRICATION=4 CLINICAL_USE=3,3.0,4.0,3.0,2.0,4.0,3.0,3.1666666666666665
T2_brainage,qwen7b,genuine,308,OAS2_0174,SCORES: GROUNDING=3 BIOLOGY=4 COHERENCE=3 SPECIFICITY=2 NO_FABRICATION=4 CLINICAL_USE=3,3.0,4.0,3.0,2.0,4.0,3.0,3.1666666666666665
T2_brainage,qwen7b,genuine,210,OAS2_0070,SCORES: GROUNDING=3 BIOLOGY=4 COHERENCE=3 SPECIFICITY=2 NO_FABRICATION=4 CLINICAL_USE=3,3.0,4.0,3.0,2.0,4.0,3.0,3.1666666666666665
T2_brainage,qwen7b,genuine,101,OAS1_0341,SCORES: GROUNDING=3 BIOLOGY=4 COHERENCE=3 SPECIFICITY=2 NO_FABRICATION=4 CLINICAL_USE=2,3.0,4.0,3.0,2.0,4.0,2.0,3.0
T2_brainage,qwen7b,shuffled,62,OAS1_0208,SCORES: GROUNDING=2 BIOLOGY=3 COHERENCE=2 SPECIFICITY=1 NO_FABRICATION=3 CLINICAL_USE=2,2.0,3.0,2.0,1.0,3.0,2.0,2.1666666666666665
T2_brainage,qwen7b,shuffled,174,OAS2_0045,SCORES: GROUNDING=2 BIOLOGY=3 COHERENCE=2 SPECIFICITY=1 NO_FABRICATION=3 CLINICAL_USE=2,2.0,3.0,2.0,1.0,3.0,2.0,2.1666666666666665
T2_brainage,qwen7b,shuffled,217,OAS2_0073,SCORES: GROUNDING=2 BIOLOGY=3 COHERENCE=2 SPECIFICITY=1 NO_FABRICATION=3 CLINICAL_USE=2,2.0,3.0,2.0,1.0,3.0,2.0,2.1666666666666665
T2_brainage,qwen7b,shuffled,11,OAS1_0033,SCORES: GROUNDING=2 BIOLOGY=3 COHERENCE=2 SPECIFICITY=1 NO_FABRICATION=3 CLINICAL_USE=2,2.0,3.0,2.0,1.0,3.0,2.0,2.1666666666666665
T2_brainage,qwen7b,shuffled,96,OAS1_0326,SCORES: GROUNDING=2 BIOLOGY=3 COHERENCE=3 SPECIFICITY=2 NO_FABRICATION=3 CLINICAL_USE=2,2.0,3.0,3.0,2.0,3.0,2.0,2.5
T2_brainage,qwen7b,shuffled,303,OAS2_0169,SCORES: GROUNDING=2 BIOLOGY=3 COHERENCE=2 SPECIFICITY=1 NO_FABRICATION=3 CLINICAL_USE=2,2.0,3.0,2.0,1.0,3.0,2.0,2.1666666666666665
T2_brainage,qwen7b,shuffled,276,OAS2_0138,SCORES: GROUNDING=2 BIOLOGY=3 COHERENCE=2 SPECIFICITY=1 NO_FABRICATION=3 CLINICAL_USE=2,2.0,3.0,2.0,1.0,3.0,2.0,2.1666666666666665
T2_brainage,qwen7b,shuffled,257,OAS2_0117,SCORES: GROUNDING=2 BIOLOGY=3 COHERENCE=2 SPECIFICITY=1 NO_FABRICATION=3 CLINICAL_USE=2,2.0,3.0,2.0,1.0,3.0,2.0,2.1666666666666665
T2_brainage,qwen7b,genuine,152,OAS2_0022,SCORES: GROUNDING=3 BIOLOGY=4 COHERENCE=3 SPECIFICITY=2 NO_FABRICATION=4 CLINICAL_USE=3,3.0,4.0,3.0,2.0,4.0,3.0,3.1666666666666665
T3_l2c,qwen7b,genuine,12,OAS2_0012,SCORES: GROUNDING=4 BIOLOGY=4 COHERENCE=4 SPECIFICITY=4 NO_FABRICATION=4 CLINICAL_USE=4,4.0,4.0,4.0,4.0,4.0,4.0,4.0
T3_l2c,qwen7b,genuine,140,OAS2_0111,SCORES: GROUNDING=3 BIOLOGY=3 COHERENCE=3 SPECIFICITY=2 NO_FABRICATION=4 CLINICAL_USE=3,3.0,3.0,3.0,2.0,4.0,3.0,3.0
T3_l2c,qwen7b,genuine,70,OAS2_0054,SCORES: GROUNDING=2 BIOLOGY=3 COHERENCE=3 SPECIFICITY=2 NO_FABRICATION=3 CLINICAL_USE=3,2.0,3.0,3.0,2.0,3.0,3.0,2.6666666666666665
T3_l2c,qwen7b,genuine,134,OAS2_0103,SCORES: GROUNDING=4 BIOLOGY=4 COHERENCE=4 SPECIFICITY=4 NO_FABRICATION=4 CLINICAL_USE=4,4.0,4.0,4.0,4.0,4.0,4.0,4.0
T3_l2c,qwen7b,genuine,128,OAS2_0100,SCORES: GROUNDING=4 BIOLOGY=3 COHERENCE=3 SPECIFICITY=3 NO_FABRICATION=4 CLINICAL_USE=3,4.0,3.0,3.0,3.0,4.0,3.0,3.333333333333333
T3_l2c,qwen7b,shuffled,192,OAS2_0160,SCORES: GROUNDING=2 BIOLOGY=3 COHERENCE=2 SPECIFICITY=1 NO_FABRICATION=3 CLINICAL_USE=2,2.0,3.0,2.0,1.0,3.0,2.0,2.1666666666666665
T3_l2c,qwen7b,shuffled,131,OAS2_0102,SCORES: GROUNDING=2 BIOLOGY=3 COHERENCE=2 SPECIFICITY=1 NO_FABRICATION=3 CLINICAL_USE=2,2.0,3.0,2.0,1.0,3.0,2.0,2.1666666666666665
T3_l2c,qwen7b,shuffled,38,OAS2_0034,SCORES: GROUNDING=3 BIOLOGY=3 COHERENCE=3 SPECIFICITY=2 NO_FABRICATION=3 CLINICAL_USE=3,3.0,3.0,3.0,2.0,3.0,3.0,2.833333333333333
T3_l2c,qwen7b,shuffled,144,OAS2_0116,SCORES: GROUNDING=2 BIOLOGY=3 COHERENCE=3 SPECIFICITY=2 NO_FABRICATION=3 CLINICAL_USE=2,2.0,3.0,3.0,2.0,3.0,2.0,2.5
T3_l2c,qwen7b,shuffled,56,OAS2_0045,SCORES: GROUNDING=2 BIOLOGY=3 COHERENCE=2 SPECIFICITY=1 NO_FABRICATION=3 CLINICAL_USE=2,2.0,3.0,2.0,1.0,3.0,2.0,2.1666666666666665
T3_l2c,qwen7b,genuine,144,OAS2_0116,SCORES: GROUNDING=3 BIOLOGY=3 COHERENCE=3 SPECIFICITY=2 NO_FABRICATION=4 CLINICAL_USE=3,3.0,3.0,3.0,2.0,4.0,3.0,3.0
T3_l2c,qwen7b,genuine,216,OAS2_0183,SCORES: GROUNDING=4 BIOLOGY=4 COHERENCE=4 SPECIFICITY=4 NO_FABRICATION=4 CLINICAL_USE=4,4.0,4.0,4.0,4.0,4.0,4.0,4.0
T3_l2c,qwen7b,genuine,108,OAS2_0080,SCORES: GROUNDING=3 BIOLOGY=3 COHERENCE=3 SPECIFICITY=2 NO_FABRICATION=4 CLINICAL_USE=3,3.0,3.0,3.0,2.0,4.0,3.0,3.0
T3_l2c,qwen7b,genuine,34,OAS2_0031,SCORES: GROUNDING=3 BIOLOGY=3 COHERENCE=3 SPECIFICITY=2 NO_FABRICATION=4 CLINICAL_USE=3,3.0,3.0,3.0,2.0,4.0,3.0,3.0
T3_l2c,qwen7b,shuffled,50,OAS2_0041,SCORES: GROUNDING=2 BIOLOGY=3 COHERENCE=2 SPECIFICITY=1 NO_FABRICATION=3 CLINICAL_USE=2,2.0,3.0,2.0,1.0,3.0,2.0,2.1666666666666665
T3_l2c,qwen7b,genuine,164,OAS2_0131,SCORES: GROUNDING=3 BIOLOGY=4 COHERENCE=3 SPECIFICITY=2 NO_FABRICATION=4 CLINICAL_USE=3,3.0,4.0,3.0,2.0,4.0,3.0,3.1666666666666665
T3_l2c,qwen7b,genuine,27,OAS2_0026,SCORES: GROUNDING=3 BIOLOGY=3 COHERENCE=3 SPECIFICITY=2 NO_FABRICATION=4 CLINICAL_USE=3,3.0,3.0,3.0,2.0,4.0,3.0,3.0
T3_l2c,qwen7b,genuine,8,OAS2_0008,SCORES: GROUNDING=3 BIOLOGY=3 COHERENCE=3 SPECIFICITY=2 NO_FABRICATION=4 CLINICAL_USE=3,3.0,3.0,3.0,2.0,4.0,3.0,3.0
T3_l2c,qwen7b,shuffled,6,OAS2_0007,SCORES: GROUNDING=2 BIOLOGY=3 COHERENCE=3 SPECIFICITY=2 NO_FABRICATION=3 CLINICAL_USE=2,2.0,3.0,3.0,2.0,3.0,2.0,2.5
T3_l2c,qwen7b,shuffled,23,OAS2_0020,SCORES: GROUNDING=2 BIOLOGY=3 COHERENCE=2 SPECIFICITY=1 NO_FABRICATION=3 CLINICAL_USE=2,2.0,3.0,2.0,1.0,3.0,2.0,2.1666666666666665
T3_l2c,qwen7b,shuffled,164,OAS2_0131,SCORES: GROUNDING=2 BIOLOGY=3 COHERENCE=2 SPECIFICITY=1 NO_FABRICATION=3 CLINICAL_USE=2,2.0,3.0,2.0,1.0,3.0,2.0,2.1666666666666665
T3_l2c,qwen7b,genuine,50,OAS2_0041,SCORES: GROUNDING=3 BIOLOGY=4 COHERENCE=3 SPECIFICITY=2 NO_FABRICATION=4 CLINICAL_USE=3,3.0,4.0,3.0,2.0,4.0,3.0,3.1666666666666665
T3_l2c,qwen7b,shuffled,201,OAS2_0172,SCORES: GROUNDING=3 BIOLOGY=3 COHERENCE=3 SPECIFICITY=2 NO_FABRICATION=4 CLINICAL_USE=3,3.0,3.0,3.0,2.0,4.0,3.0,3.0
T3_l2c,qwen7b,shuffled,133,OAS2_0103,SCORES: GROUNDING=2 BIOLOGY=3 COHERENCE=3 SPECIFICITY=2 NO_FABRICATION=3 CLINICAL_USE=3,2.0,3.0,3.0,2.0,3.0,3.0,2.6666666666666665
T3_l2c,qwen7b,genuine,171,OAS2_0140,SCORES: GROUNDING=3 BIOLOGY=3 COHERENCE=3 SPECIFICITY=2 NO_FABRICATION=4 CLINICAL_USE=3,3.0,3.0,3.0,2.0,4.0,3.0,3.0
T3_l2c,qwen7b,genuine,3,OAS2_0004,SCORES: GROUNDING=3 BIOLOGY=3 COHERENCE=3 SPECIFICITY=2 NO_FABRICATION=4 CLINICAL_USE=3,3.0,3.0,3.0,2.0,4.0,3.0,3.0
T3_l2c,qwen7b,genuine,181,OAS2_0147,SCORES: GROUNDING=4 BIOLOGY=4 COHERENCE=4 SPECIFICITY=4 NO_FABRICATION=4 CLINICAL_USE=4,4.0,4.0,4.0,4.0,4.0,4.0,4.0
T3_l2c,qwen7b,shuffled,65,OAS2_0050,SCORES: GROUNDING=2 BIOLOGY=3 COHERENCE=2 SPECIFICITY=1 NO_FABRICATION=3 CLINICAL_USE=2,2.0,3.0,2.0,1.0,3.0,2.0,2.1666666666666665
T3_l2c,qwen7b,shuffled,206,OAS2_0176,SCORES: GROUNDING=2 BIOLOGY=3 COHERENCE=3 SPECIFICITY=2 NO_FABRICATION=3 CLINICAL_USE=3,2.0,3.0,3.0,2.0,3.0,3.0,2.6666666666666665
T3_l2c,qwen7b,genuine,65,OAS2_0050,SCORES: GROUNDING=3 BIOLOGY=3 COHERENCE=3 SPECIFICITY=2 NO_FABRICATION=4 CLINICAL_USE=3,3.0,3.0,3.0,2.0,4.0,3.0,3.0
T3_l2c,qwen7b,shuffled,34,OAS2_0031,SCORES: GROUNDING=2 BIOLOGY=3 COHERENCE=3 SPECIFICITY=2 NO_FABRICATION=3 CLINICAL_USE=3,2.0,3.0,3.0,2.0,3.0,3.0,2.6666666666666665
T3_l2c,qwen7b,shuffled,8,OAS2_0008,SCORES: GROUNDING=3 BIOLOGY=3 COHERENCE=3 SPECIFICITY=2 NO_FABRICATION=4 CLINICAL_USE=3,3.0,3.0,3.0,2.0,4.0,3.0,3.0
T3_l2c,qwen7b,genuine,149,OAS2_0119,SCORES: GROUNDING=4 BIOLOGY=4 COHERENCE=4 SPECIFICITY=4 NO_FABRICATION=4 CLINICAL_USE=4,4.0,4.0,4.0,4.0,4.0,4.0,4.0
T3_l2c,qwen7b,genuine,211,OAS2_0179,SCORES: GROUNDING=3 BIOLOGY=4 COHERENCE=3 SPECIFICITY=2 NO_FABRICATION=4 CLINICAL_USE=3,3.0,4.0,3.0,2.0,4.0,3.0,3.1666666666666665
T3_l2c,qwen7b,genuine,114,OAS2_0088,SCORES: GROUNDING=2 BIOLOGY=3 COHERENCE=3 SPECIFICITY=2 NO_FABRICATION=4 CLINICAL_USE=3,2.0,3.0,3.0,2.0,4.0,3.0,2.833333333333333
T3_l2c,qwen7b,genuine,1,OAS2_0002,SCORES: GROUNDING=3 BIOLOGY=3 COHERENCE=3 SPECIFICITY=2 NO_FABRICATION=4 CLINICAL_USE=3,3.0,3.0,3.0,2.0,4.0,3.0,3.0
T3_l2c,qwen7b,shuffled,96,OAS2_0073,SCORES: GROUNDING=2 BIOLOGY=3 COHERENCE=3 SPECIFICITY=2 NO_FABRICATION=4 CLINICAL_USE=3,2.0,3.0,3.0,2.0,4.0,3.0,2.833333333333333
T3_l2c,qwen7b,genuine,168,OAS2_0137,SCORES: GROUNDING=3 BIOLOGY=4 COHERENCE=3 SPECIFICITY=2 NO_FABRICATION=4 CLINICAL_USE=3,3.0,4.0,3.0,2.0,4.0,3.0,3.1666666666666665
T3_l2c,qwen7b,genuine,212,OAS2_0181,SCORES: GROUNDING=3 BIOLOGY=2 COHERENCE=3 SPECIFICITY=2 NO_FABRICATION=3 CLINICAL_USE=2,3.0,2.0,3.0,2.0,3.0,2.0,2.5
T3_l2c,qwen7b,shuffled,13,OAS2_0013,SCORES: GROUNDING=2 BIOLOGY=3 COHERENCE=2 SPECIFICITY=1 NO_FABRICATION=3 CLINICAL_USE=2,2.0,3.0,2.0,1.0,3.0,2.0,2.1666666666666665
T3_l2c,qwen7b,genuine,43,OAS2_0036,SCORES: GROUNDING=3 BIOLOGY=3 COHERENCE=3 SPECIFICITY=2 NO_FABRICATION=4 CLINICAL_USE=3,3.0,3.0,3.0,2.0,4.0,3.0,3.0
T3_l2c,qwen7b,genuine,126,OAS2_0099,SCORES: GROUNDING=3 BIOLOGY=4 COHERENCE=3 SPECIFICITY=3 NO_FABRICATION=4 CLINICAL_USE=3,3.0,4.0,3.0,3.0,4.0,3.0,3.333333333333333
T3_l2c,qwen7b,shuffled,165,OAS2_0133,SCORES: GROUNDING=2 BIOLOGY=3 COHERENCE=2 SPECIFICITY=1 NO_FABRICATION=3 CLINICAL_USE=2,2.0,3.0,2.0,1.0,3.0,2.0,2.1666666666666665
T3_l2c,qwen7b,genuine,82,OAS2_0063,SCORES: GROUNDING=3 BIOLOGY=4 COHERENCE=3 SPECIFICITY=2 NO_FABRICATION=4 CLINICAL_USE=3,3.0,4.0,3.0,2.0,4.0,3.0,3.1666666666666665
T3_l2c,qwen7b,genuine,163,OAS2_0129,SCORES: GROUNDING=4 BIOLOGY=4 COHERENCE=4 SPECIFICITY=4 NO_FABRICATION=4 CLINICAL_USE=4,4.0,4.0,4.0,4.0,4.0,4.0,4.0
T3_l2c,qwen7b,genuine,113,OAS2_0087,SCORES: GROUNDING=2 BIOLOGY=2 COHERENCE=2 SPECIFICITY=1 NO_FABRICATION=3 CLINICAL_USE=2,2.0,2.0,2.0,1.0,3.0,2.0,2.0
T3_l2c,qwen7b,shuffled,83,OAS2_0064,SCORES: GROUNDING=2 BIOLOGY=3 COHERENCE=2 SPECIFICITY=1 NO_FABRICATION=4 CLINICAL_USE=2,2.0,3.0,2.0,1.0,4.0,2.0,2.333333333333333
T3_l2c,qwen7b,shuffled,208,OAS2_0177,SCORES: GROUNDING=2 BIOLOGY=3 COHERENCE=3 SPECIFICITY=2 NO_FABRICATION=3 CLINICAL_USE=3,2.0,3.0,3.0,2.0,3.0,3.0,2.6666666666666665
T3_l2c,qwen7b,genuine,86,OAS2_0067,SCORES: GROUNDING=3 BIOLOGY=3 COHERENCE=3 SPECIFICITY=2 NO_FABRICATION=4 CLINICAL_USE=3,3.0,3.0,3.0,2.0,4.0,3.0,3.0
T3_l2c,qwen7b,shuffled,108,OAS2_0080,SCORES: GROUNDING=2 BIOLOGY=3 COHERENCE=3 SPECIFICITY=2 NO_FABRICATION=3 CLINICAL_USE=3,2.0,3.0,3.0,2.0,3.0,3.0,2.6666666666666665
T3_l2c,qwen7b,shuffled,199,OAS2_0171,SCORES: GROUNDING=2 BIOLOGY=2 COHERENCE=2 SPECIFICITY=1 NO_FABRICATION=3 CLINICAL_USE=2,2.0,2.0,2.0,1.0,3.0,2.0,2.0
T3_l2c,qwen7b,shuffled,140,OAS2_0111,SCORES: GROUNDING=2 BIOLOGY=3 COHERENCE=2 SPECIFICITY=1 NO_FABRICATION=3 CLINICAL_USE=2,2.0,3.0,2.0,1.0,3.0,2.0,2.1666666666666665
T3_l2c,qwen7b,shuffled,15,OAS2_0014,SCORES: GROUNDING=2 BIOLOGY=3 COHERENCE=2 SPECIFICITY=1 NO_FABRICATION=3 CLINICAL_USE=2,2.0,3.0,2.0,1.0,3.0,2.0,2.1666666666666665
T3_l2c,qwen7b,genuine,153,OAS2_0122,SCORES: GROUNDING=3 BIOLOGY=4 COHERENCE=3 SPECIFICITY=2 NO_FABRICATION=4 CLINICAL_USE=3,3.0,4.0,3.0,2.0,4.0,3.0,3.1666666666666665
T3_l2c,qwen7b,shuffled,2,OAS2_0002,SCORES: GROUNDING=3 BIOLOGY=4 COHERENCE=3 SPECIFICITY=2 NO_FABRICATION=3 CLINICAL_USE=3,3.0,4.0,3.0,2.0,3.0,3.0,3.0
T3_l2c,qwen7b,genuine,203,OAS2_0174,SCORES: GROUNDING=4 BIOLOGY=3 COHERENCE=3 SPECIFICITY=3 NO_FABRICATION=4 CLINICAL_USE=3,4.0,3.0,3.0,3.0,4.0,3.0,3.333333333333333
T3_l2c,qwen7b,genuine,156,OAS2_0126,SCORES: GROUNDING=3 BIOLOGY=4 COHERENCE=3 SPECIFICITY=2 NO_FABRICATION=4 CLINICAL_USE=3,3.0,4.0,3.0,2.0,4.0,3.0,3.1666666666666665
T3_l2c,qwen7b,genuine,0,OAS2_0001,SCORES: GROUNDING=3 BIOLOGY=3 COHERENCE=3 SPECIFICITY=2 NO_FABRICATION=4 CLINICAL_USE=3,3.0,3.0,3.0,2.0,4.0,3.0,3.0
T3_l2c,qwen7b,genuine,188,OAS2_0156,SCORES: GROUNDING=3 BIOLOGY=3 COHERENCE=3 SPECIFICITY=2 NO_FABRICATION=4 CLINICAL_USE=3,3.0,3.0,3.0,2.0,4.0,3.0,3.0
T3_l2c,qwen7b,genuine,46,OAS2_0037,SCORES: GROUNDING=3 BIOLOGY=3 COHERENCE=3 SPECIFICITY=2 NO_FABRICATION=4 CLINICAL_USE=3,3.0,3.0,3.0,2.0,4.0,3.0,3.0
T3_l2c,qwen7b,shuffled,59,OAS2_0048,SCORES: GROUNDING=2 BIOLOGY=3 COHERENCE=2 SPECIFICITY=1 NO_FABRICATION=3 CLINICAL_USE=2,2.0,3.0,2.0,1.0,3.0,2.0,2.1666666666666665
T3_l2c,qwen7b,shuffled,157,OAS2_0127,SCORES: GROUNDING=2 BIOLOGY=3 COHERENCE=3 SPECIFICITY=2 NO_FABRICATION=4 CLINICAL_USE=3,2.0,3.0,3.0,2.0,4.0,3.0,2.833333333333333
T3_l2c,qwen7b,genuine,127,OAS2_0100,SCORES: GROUNDING=3 BIOLOGY=4 COHERENCE=3 SPECIFICITY=3 NO_FABRICATION=4 CLINICAL_USE=3,3.0,4.0,3.0,3.0,4.0,3.0,3.333333333333333
T3_l2c,qwen7b,genuine,169,OAS2_0138,SCORES: GROUNDING=3 BIOLOGY=4 COHERENCE=3 SPECIFICITY=2 NO_FABRICATION=4 CLINICAL_USE=3,3.0,4.0,3.0,2.0,4.0,3.0,3.1666666666666665
T3_l2c,qwen7b,genuine,152,OAS2_0121,SCORES: GROUNDING=4 BIOLOGY=4 COHERENCE=4 SPECIFICITY=4 NO_FABRICATION=4 CLINICAL_USE=4,4.0,4.0,4.0,4.0,4.0,4.0,4.0
T3_l2c,qwen7b,genuine,161,OAS2_0128,SCORES: GROUNDING=3 BIOLOGY=4 COHERENCE=3 SPECIFICITY=2 NO_FABRICATION=4 CLINICAL_USE=3,3.0,4.0,3.0,2.0,4.0,3.0,3.1666666666666665
T3_l2c,qwen7b,genuine,186,OAS2_0152,SCORES: GROUNDING=3 BIOLOGY=4 COHERENCE=3 SPECIFICITY=2 NO_FABRICATION=4 CLINICAL_USE=3,3.0,4.0,3.0,2.0,4.0,3.0,3.1666666666666665
T3_l2c,qwen7b,shuffled,3,OAS2_0004,SCORES: GROUNDING=2 BIOLOGY=3 COHERENCE=3 SPECIFICITY=2 NO_FABRICATION=3 CLINICAL_USE=3,2.0,3.0,3.0,2.0,3.0,3.0,2.6666666666666665
T3_l2c,qwen7b,shuffled,109,OAS2_0080,SCORES: GROUNDING=2 BIOLOGY=3 COHERENCE=3 SPECIFICITY=2 NO_FABRICATION=4 CLINICAL_USE=3,2.0,3.0,3.0,2.0,4.0,3.0,2.833333333333333
T3_l2c,qwen7b,genuine,121,OAS2_0095,SCORES: GROUNDING=3 BIOLOGY=3 COHERENCE=3 SPECIFICITY=2 NO_FABRICATION=4 CLINICAL_USE=3,3.0,3.0,3.0,2.0,4.0,3.0,3.0
T3_l2c,qwen7b,shuffled,198,OAS2_0169,SCORES: GROUNDING=2 BIOLOGY=3 COHERENCE=3 SPECIFICITY=2 NO_FABRICATION=4 CLINICAL_USE=3,2.0,3.0,3.0,2.0,4.0,3.0,2.833333333333333
T3_l2c,qwen7b,shuffled,188,OAS2_0156,SCORES: GROUNDING=3 BIOLOGY=4 COHERENCE=3 SPECIFICITY=2 NO_FABRICATION=4 CLINICAL_USE=3,3.0,4.0,3.0,2.0,4.0,3.0,3.1666666666666665
T3_l2c,qwen7b,shuffled,85,OAS2_0066,SCORES: GROUNDING=2 BIOLOGY=3 COHERENCE=2 SPECIFICITY=1 NO_FABRICATION=3 CLINICAL_USE=2,2.0,3.0,2.0,1.0,3.0,2.0,2.1666666666666665
T3_l2c,qwen7b,genuine,201,OAS2_0172,SCORES: GROUNDING=4 BIOLOGY=4 COHERENCE=4 SPECIFICITY=4 NO_FABRICATION=4 CLINICAL_USE=4,4.0,4.0,4.0,4.0,4.0,4.0,4.0
T3_l2c,qwen7b,genuine,206,OAS2_0176,SCORES: GROUNDING=3 BIOLOGY=3 COHERENCE=3 SPECIFICITY=2 NO_FABRICATION=4 CLINICAL_USE=3,3.0,3.0,3.0,2.0,4.0,3.0,3.0
T3_l2c,qwen7b,genuine,118,OAS2_0091,SCORES: GROUNDING=3 BIOLOGY=3 COHERENCE=3 SPECIFICITY=2 NO_FABRICATION=4 CLINICAL_USE=3,3.0,3.0,3.0,2.0,4.0,3.0,3.0
T3_l2c,qwen7b,shuffled,119,OAS2_0092,SCORES: GROUNDING=2 BIOLOGY=3 COHERENCE=2 SPECIFICITY=1 NO_FABRICATION=3 CLINICAL_USE=2,2.0,3.0,2.0,1.0,3.0,2.0,2.1666666666666665
T3_l2c,qwen7b,genuine,131,OAS2_0102,SCORES: GROUNDING=3 BIOLOGY=3 COHERENCE=3 SPECIFICITY=2 NO_FABRICATION=4 CLINICAL_USE=3,3.0,3.0,3.0,2.0,4.0,3.0,3.0
T3_l2c,qwen7b,genuine,6,OAS2_0007,SCORES: GROUNDING=3 BIOLOGY=4 COHERENCE=3 SPECIFICITY=2 NO_FABRICATION=4 CLINICAL_USE=3,3.0,4.0,3.0,2.0,4.0,3.0,3.1666666666666665
T3_l2c,qwen7b,shuffled,181,OAS2_0147,SCORES: GROUNDING=2 BIOLOGY=3 COHERENCE=3 SPECIFICITY=2 NO_FABRICATION=3 CLINICAL_USE=2,2.0,3.0,3.0,2.0,3.0,2.0,2.5
T3_l2c,qwen7b,genuine,9,OAS2_0009,SCORES: GROUNDING=3 BIOLOGY=4 COHERENCE=3 SPECIFICITY=2 NO_FABRICATION=4 CLINICAL_USE=3,3.0,4.0,3.0,2.0,4.0,3.0,3.1666666666666665
T3_l2c,qwen7b,genuine,218,OAS2_0184,SCORES: GROUNDING=3 BIOLOGY=3 COHERENCE=3 SPECIFICITY=2 NO_FABRICATION=4 CLINICAL_USE=3,3.0,3.0,3.0,2.0,4.0,3.0,3.0
T3_l2c,qwen7b,shuffled,128,OAS2_0100,SCORES: GROUNDING=3 BIOLOGY=3 COHERENCE=3 SPECIFICITY=2 NO_FABRICATION=4 CLINICAL_USE=3,3.0,3.0,3.0,2.0,4.0,3.0,3.0
T3_l2c,qwen7b,shuffled,161,OAS2_0128,SCORES: GROUNDING=2 BIOLOGY=3 COHERENCE=3 SPECIFICITY=2 NO_FABRICATION=3 CLINICAL_USE=2,2.0,3.0,3.0,2.0,3.0,2.0,2.5
T3_l2c,qwen7b,genuine,51,OAS2_0041,SCORES: GROUNDING=4 BIOLOGY=4 COHERENCE=4 SPECIFICITY=4 NO_FABRICATION=4 CLINICAL_USE=4,4.0,4.0,4.0,4.0,4.0,4.0,4.0
T3_l2c,qwen7b,shuffled,150,OAS2_0119,SCORES: GROUNDING=2 BIOLOGY=3 COHERENCE=2 SPECIFICITY=1 NO_FABRICATION=3 CLINICAL_USE=2,2.0,3.0,2.0,1.0,3.0,2.0,2.1666666666666665
T3_l2c,qwen7b,shuffled,149,OAS2_0119,SCORES: GROUNDING=2 BIOLOGY=3 COHERENCE=2 SPECIFICITY=1 NO_FABRICATION=3 CLINICAL_USE=2,2.0,3.0,2.0,1.0,3.0,2.0,2.1666666666666665
T3_l2c,qwen7b,shuffled,211,OAS2_0179,SCORES: GROUNDING=2 BIOLOGY=3 COHERENCE=2 SPECIFICITY=1 NO_FABRICATION=4 CLINICAL_USE=2,2.0,3.0,2.0,1.0,4.0,2.0,2.333333333333333
T3_l2c,qwen7b,shuffled,98,OAS2_0073,SCORES: GROUNDING=2 BIOLOGY=3 COHERENCE=3 SPECIFICITY=2 NO_FABRICATION=3 CLINICAL_USE=3,2.0,3.0,3.0,2.0,3.0,3.0,2.6666666666666665
T3_l2c,qwen7b,shuffled,146,OAS2_0117,SCORES: GROUNDING=2 BIOLOGY=3 COHERENCE=3 SPECIFICITY=2 NO_FABRICATION=4 CLINICAL_USE=3,2.0,3.0,3.0,2.0,4.0,3.0,2.833333333333333
T3_l2c,qwen7b,shuffled,1,OAS2_0002,SCORES: GROUNDING=2 BIOLOGY=3 COHERENCE=3 SPECIFICITY=2 NO_FABRICATION=4 CLINICAL_USE=3,2.0,3.0,3.0,2.0,4.0,3.0,2.833333333333333
T3_l2c,qwen7b,shuffled,203,OAS2_0174,SCORES: GROUNDING=2 BIOLOGY=2 COHERENCE=2 SPECIFICITY=1 NO_FABRICATION=3 CLINICAL_USE=2,2.0,2.0,2.0,1.0,3.0,2.0,2.0
T3_l2c,qwen7b,genuine,52,OAS2_0042,SCORES: GROUNDING=3 BIOLOGY=4 COHERENCE=3 SPECIFICITY=2 NO_FABRICATION=4 CLINICAL_USE=3,3.0,4.0,3.0,2.0,4.0,3.0,3.1666666666666665
T3_l2c,qwen7b,genuine,116,OAS2_0090,SCORES: GROUNDING=4 BIOLOGY=4 COHERENCE=4 SPECIFICITY=3 NO_FABRICATION=4 CLINICAL_USE=3,4.0,4.0,4.0,3.0,4.0,3.0,3.6666666666666665
T3_l2c,qwen7b,shuffled,81,OAS2_0062,SCORES: GROUNDING=3 BIOLOGY=3 COHERENCE=3 SPECIFICITY=2 NO_FABRICATION=4 CLINICAL_USE=3,3.0,3.0,3.0,2.0,4.0,3.0,3.0
T3_l2c,qwen7b,genuine,96,OAS2_0073,SCORES: GROUNDING=4 BIOLOGY=4 COHERENCE=4 SPECIFICITY=4 NO_FABRICATION=4 CLINICAL_USE=4,4.0,4.0,4.0,4.0,4.0,4.0,4.0
T3_l2c,qwen7b,genuine,80,OAS2_0062,SCORES: GROUNDING=3 BIOLOGY=3 COHERENCE=3 SPECIFICITY=2 NO_FABRICATION=4 CLINICAL_USE=3,3.0,3.0,3.0,2.0,4.0,3.0,3.0
T3_l2c,qwen7b,shuffled,197,OAS2_0165,SCORES: GROUNDING=2 BIOLOGY=3 COHERENCE=2 SPECIFICITY=1 NO_FABRICATION=3 CLINICAL_USE=2,2.0,3.0,2.0,1.0,3.0,2.0,2.1666666666666665
T3_l2c,qwen7b,genuine,13,OAS2_0013,SCORES: GROUNDING=4 BIOLOGY=3 COHERENCE=3 SPECIFICITY=3 NO_FABRICATION=4 CLINICAL_USE=3,4.0,3.0,3.0,3.0,4.0,3.0,3.333333333333333
T3_l2c,qwen7b,shuffled,137,OAS2_0106,SCORES: GROUNDING=2 BIOLOGY=3 COHERENCE=3 SPECIFICITY=1 NO_FABRICATION=2 CLINICAL_USE=2,2.0,3.0,3.0,1.0,2.0,2.0,2.1666666666666665
T3_l2c,qwen7b,genuine,15,OAS2_0014,SCORES: GROUNDING=3 BIOLOGY=3 COHERENCE=3 SPECIFICITY=2 NO_FABRICATION=4 CLINICAL_USE=3,3.0,3.0,3.0,2.0,4.0,3.0,3.0
T3_l2c,qwen7b,shuffled,12,OAS2_0012,SCORES: GROUNDING=2 BIOLOGY=3 COHERENCE=3 SPECIFICITY=2 NO_FABRICATION=3 CLINICAL_USE=2,2.0,3.0,3.0,2.0,3.0,2.0,2.5
T3_l2c,qwen7b,shuffled,126,OAS2_0099,SCORES: GROUNDING=2 BIOLOGY=3 COHERENCE=3 SPECIFICITY=2 NO_FABRICATION=4 CLINICAL_USE=3,2.0,3.0,3.0,2.0,4.0,3.0,2.833333333333333
T3_l2c,qwen7b,shuffled,4,OAS2_0005,SCORES: GROUNDING=2 BIOLOGY=3 COHERENCE=3 SPECIFICITY=2 NO_FABRICATION=3 CLINICAL_USE=3,2.0,3.0,3.0,2.0,3.0,3.0,2.6666666666666665
T3_l2c,qwen7b,shuffled,191,OAS2_0159,SCORES: GROUNDING=2 BIOLOGY=3 COHERENCE=2 SPECIFICITY=1 NO_FABRICATION=3 CLINICAL_USE=2,2.0,3.0,2.0,1.0,3.0,2.0,2.1666666666666665
T3_l2c,qwen7b,shuffled,215,OAS2_0183,SCORES: GROUNDING=2 BIOLOGY=3 COHERENCE=2 SPECIFICITY=1 NO_FABRICATION=3 CLINICAL_USE=2,2.0,3.0,2.0,1.0,3.0,2.0,2.1666666666666665
T3_l2c,qwen7b,shuffled,171,OAS2_0140,SCORES: GROUNDING=2 BIOLOGY=3 COHERENCE=3 SPECIFICITY=1 NO_FABRICATION=2 CLINICAL_USE=2,2.0,3.0,3.0,1.0,2.0,2.0,2.1666666666666665
T3_l2c,qwen7b,shuffled,169,OAS2_0138,SCORES: GROUNDING=2 BIOLOGY=2 COHERENCE=2 SPECIFICITY=1 NO_FABRICATION=3 CLINICAL_USE=2,2.0,2.0,2.0,1.0,3.0,2.0,2.0
T3_l2c,qwen7b,shuffled,134,OAS2_0103,SCORES: GROUNDING=3 BIOLOGY=3 COHERENCE=3 SPECIFICITY=2 NO_FABRICATION=4 CLINICAL_USE=3,3.0,3.0,3.0,2.0,4.0,3.0,3.0
T3_l2c,qwen7b,shuffled,93,OAS2_0070,SCORES: GROUNDING=2 BIOLOGY=3 COHERENCE=3 SPECIFICITY=2 NO_FABRICATION=3 CLINICAL_USE=3,2.0,3.0,3.0,2.0,3.0,3.0,2.6666666666666665
T3_l2c,qwen7b,genuine,208,OAS2_0177,SCORES: GROUNDING=3 BIOLOGY=4 COHERENCE=3 SPECIFICITY=2 NO_FABRICATION=4 CLINICAL_USE=3,3.0,4.0,3.0,2.0,4.0,3.0,3.1666666666666665
T3_l2c,qwen7b,genuine,17,OAS2_0017,SCORES: GROUNDING=3 BIOLOGY=3 COHERENCE=3 SPECIFICITY=2 NO_FABRICATION=4 CLINICAL_USE=3,3.0,3.0,3.0,2.0,4.0,3.0,3.0
T3_l2c,qwen7b,shuffled,14,OAS2_0013,SCORES: GROUNDING=2 BIOLOGY=3 COHERENCE=3 SPECIFICITY=2 NO_FABRICATION=3 CLINICAL_USE=3,2.0,3.0,3.0,2.0,3.0,3.0,2.6666666666666665
T3_l2c,qwen7b,shuffled,84,OAS2_0064,SCORES: GROUNDING=2 BIOLOGY=3 COHERENCE=3 SPECIFICITY=2 NO_FABRICATION=4 CLINICAL_USE=3,2.0,3.0,3.0,2.0,4.0,3.0,2.833333333333333
T3_l2c,qwen7b,shuffled,113,OAS2_0087,SCORES: GROUNDING=2 BIOLOGY=3 COHERENCE=2 SPECIFICITY=1 NO_FABRICATION=3 CLINICAL_USE=2,2.0,3.0,2.0,1.0,3.0,2.0,2.1666666666666665
T3_l2c,qwen7b,shuffled,135,OAS2_0104,SCORES: GROUNDING=2 BIOLOGY=3 COHERENCE=2 SPECIFICITY=1 NO_FABRICATION=3 CLINICAL_USE=2,2.0,3.0,2.0,1.0,3.0,2.0,2.1666666666666665
T3_l2c,qwen7b,shuffled,30,OAS2_0027,SCORES: GROUNDING=2 BIOLOGY=3 COHERENCE=3 SPECIFICITY=2 NO_FABRICATION=4 CLINICAL_USE=3,2.0,3.0,3.0,2.0,4.0,3.0,2.833333333333333
T3_l2c,qwen7b,shuffled,139,OAS2_0109,SCORES: GROUNDING=2 BIOLOGY=3 COHERENCE=2 SPECIFICITY=1 NO_FABRICATION=3 CLINICAL_USE=2,2.0,3.0,2.0,1.0,3.0,2.0,2.1666666666666665
T3_l2c,qwen7b,genuine,202,OAS2_0174,SCORES: GROUNDING=3 BIOLOGY=3 COHERENCE=3 SPECIFICITY=2 NO_FABRICATION=4 CLINICAL_USE=3,3.0,3.0,3.0,2.0,4.0,3.0,3.0
T3_l2c,qwen7b,shuffled,187,OAS2_0154,SCORES: GROUNDING=2 BIOLOGY=2 COHERENCE=2 SPECIFICITY=1 NO_FABRICATION=3 CLINICAL_USE=2,2.0,2.0,2.0,1.0,3.0,2.0,2.0
T3_l2c,qwen7b,genuine,198,OAS2_0169,SCORES: GROUNDING=3 BIOLOGY=4 COHERENCE=3 SPECIFICITY=2 NO_FABRICATION=4 CLINICAL_USE=3,3.0,4.0,3.0,2.0,4.0,3.0,3.1666666666666665
T3_l2c,qwen7b,genuine,123,OAS2_0096,SCORES: GROUNDING=3 BIOLOGY=3 COHERENCE=3 SPECIFICITY=2 NO_FABRICATION=4 CLINICAL_USE=3,3.0,3.0,3.0,2.0,4.0,3.0,3.0
T3_l2c,qwen7b,genuine,184,OAS2_0150,SCORES: GROUNDING=3 BIOLOGY=4 COHERENCE=3 SPECIFICITY=2 NO_FABRICATION=4 CLINICAL_USE=3,3.0,4.0,3.0,2.0,4.0,3.0,3.1666666666666665
T3_l2c,qwen7b,genuine,109,OAS2_0080,SCORES: GROUNDING=3 BIOLOGY=3 COHERENCE=3 SPECIFICITY=2 NO_FABRICATION=4 CLINICAL_USE=3,3.0,3.0,3.0,2.0,4.0,3.0,3.0
T3_l2c,qwen7b,shuffled,74,OAS2_0057,SCORES: GROUNDING=3 BIOLOGY=3 COHERENCE=3 SPECIFICITY=2 NO_FABRICATION=4 CLINICAL_USE=3,3.0,3.0,3.0,2.0,4.0,3.0,3.0
T3_l2c,qwen7b,genuine,92,OAS2_0070,SCORES: GROUNDING=4 BIOLOGY=4 COHERENCE=4 SPECIFICITY=4 NO_FABRICATION=4 CLINICAL_USE=4,4.0,4.0,4.0,4.0,4.0,4.0,4.0
T3_l2c,qwen7b,shuffled,196,OAS2_0164,SCORES: GROUNDING=2 BIOLOGY=3 COHERENCE=2 SPECIFICITY=1 NO_FABRICATION=3 CLINICAL_USE=2,2.0,3.0,2.0,1.0,3.0,2.0,2.1666666666666665
T3_l2c,qwen7b,genuine,83,OAS2_0064,SCORES: GROUNDING=3 BIOLOGY=3 COHERENCE=3 SPECIFICITY=2 NO_FABRICATION=4 CLINICAL_USE=3,3.0,3.0,3.0,2.0,4.0,3.0,3.0
T3_l2c,qwen7b,genuine,146,OAS2_0117,SCORES: GROUNDING=4 BIOLOGY=4 COHERENCE=4 SPECIFICITY=4 NO_FABRICATION=4 CLINICAL_USE=4,4.0,4.0,4.0,4.0,4.0,4.0,4.0
T3_l2c,qwen7b,shuffled,168,OAS2_0137,SCORES: GROUNDING=3 BIOLOGY=4 COHERENCE=3 SPECIFICITY=2 NO_FABRICATION=3 CLINICAL_USE=2,3.0,4.0,3.0,2.0,3.0,2.0,2.833333333333333
T3_l2c,qwen7b,shuffled,52,OAS2_0042,SCORES: GROUNDING=2 BIOLOGY=3 COHERENCE=3 SPECIFICITY=2 NO_FABRICATION=4 CLINICAL_USE=3,2.0,3.0,3.0,2.0,4.0,3.0,2.833333333333333
T3_l2c,qwen7b,genuine,71,OAS2_0055,SCORES: GROUNDING=3 BIOLOGY=4 COHERENCE=3 SPECIFICITY=2 NO_FABRICATION=4 CLINICAL_USE=3,3.0,4.0,3.0,2.0,4.0,3.0,3.1666666666666665
T3_l2c,qwen7b,genuine,192,OAS2_0160,SCORES: GROUNDING=3 BIOLOGY=3 COHERENCE=3 SPECIFICITY=2 NO_FABRICATION=4 CLINICAL_USE=3,3.0,3.0,3.0,2.0,4.0,3.0,3.0
T3_l2c,qwen7b,genuine,194,OAS2_0161,SCORES: GROUNDING=4 BIOLOGY=4 COHERENCE=4 SPECIFICITY=4 NO_FABRICATION=4 CLINICAL_USE=4,4.0,4.0,4.0,4.0,4.0,4.0,4.0
T3_l2c,qwen7b,shuffled,64,OAS2_0049,SCORES: GROUNDING=2 BIOLOGY=3 COHERENCE=3 SPECIFICITY=1 NO_FABRICATION=4 CLINICAL_USE=2,2.0,3.0,3.0,1.0,4.0,2.0,2.5
T3_l2c,qwen7b,genuine,197,OAS2_0165,SCORES: GROUNDING=3 BIOLOGY=4 COHERENCE=3 SPECIFICITY=2 NO_FABRICATION=4 CLINICAL_USE=3,3.0,4.0,3.0,2.0,4.0,3.0,3.1666666666666665
T3_l2c,qwen7b,genuine,81,OAS2_0062,SCORES: GROUNDING=4 BIOLOGY=4 COHERENCE=4 SPECIFICITY=4 NO_FABRICATION=4 CLINICAL_USE=4,4.0,4.0,4.0,4.0,4.0,4.0,4.0
T3_l2c,qwen7b,genuine,4,OAS2_0005,SCORES: GROUNDING=4 BIOLOGY=4 COHERENCE=4 SPECIFICITY=4 NO_FABRICATION=4 CLINICAL_USE=4,4.0,4.0,4.0,4.0,4.0,4.0,4.0
T3_l2c,qwen7b,shuffled,9,OAS2_0009,SCORES: GROUNDING=2 BIOLOGY=3 COHERENCE=3 SPECIFICITY=2 NO_FABRICATION=3 CLINICAL_USE=2,2.0,3.0,3.0,2.0,3.0,2.0,2.5
T3_l2c,qwen7b,shuffled,17,OAS2_0017,SCORES: GROUNDING=3 BIOLOGY=3 COHERENCE=3 SPECIFICITY=2 NO_FABRICATION=4 CLINICAL_USE=3,3.0,3.0,3.0,2.0,4.0,3.0,3.0
T3_l2c,qwen7b,shuffled,114,OAS2_0088,SCORES: GROUNDING=2 BIOLOGY=3 COHERENCE=2 SPECIFICITY=1 NO_FABRICATION=3 CLINICAL_USE=2,2.0,3.0,2.0,1.0,3.0,2.0,2.1666666666666665
T3_l2c,qwen7b,shuffled,167,OAS2_0135,SCORES: GROUNDING=3 BIOLOGY=4 COHERENCE=3 SPECIFICITY=2 NO_FABRICATION=3 CLINICAL_USE=3,3.0,4.0,3.0,2.0,3.0,3.0,3.0
T3_l2c,qwen7b,shuffled,221,OAS2_0186,SCORES: GROUNDING=2 BIOLOGY=3 COHERENCE=2 SPECIFICITY=1 NO_FABRICATION=3 CLINICAL_USE=2,2.0,3.0,2.0,1.0,3.0,2.0,2.1666666666666665
T3_l2c,qwen7b,shuffled,75,OAS2_0058,SCORES: GROUNDING=2 BIOLOGY=3 COHERENCE=3 SPECIFICITY=2 NO_FABRICATION=3 CLINICAL_USE=3,2.0,3.0,3.0,2.0,3.0,3.0,2.6666666666666665
T3_l2c,qwen7b,genuine,205,OAS2_0175,SCORES: GROUNDING=4 BIOLOGY=4 COHERENCE=4 SPECIFICITY=4 NO_FABRICATION=4 CLINICAL_USE=4,4.0,4.0,4.0,4.0,4.0,4.0,4.0
T3_l2c,qwen7b,genuine,84,OAS2_0064,SCORES: GROUNDING=3 BIOLOGY=3 COHERENCE=3 SPECIFICITY=2 NO_FABRICATION=4 CLINICAL_USE=3,3.0,3.0,3.0,2.0,4.0,3.0,3.0
T3_l2c,qwen7b,genuine,193,OAS2_0161,SCORES: GROUNDING=3 BIOLOGY=4 COHERENCE=3 SPECIFICITY=2 NO_FABRICATION=4 CLINICAL_USE=3,3.0,4.0,3.0,2.0,4.0,3.0,3.1666666666666665
T3_l2c,qwen7b,genuine,74,OAS2_0057,SCORES: GROUNDING=4 BIOLOGY=4 COHERENCE=4 SPECIFICITY=4 NO_FABRICATION=4 CLINICAL_USE=4,4.0,4.0,4.0,4.0,4.0,4.0,4.0
T3_l2c,qwen7b,shuffled,91,OAS2_0070,SCORES: GROUNDING=2 BIOLOGY=3 COHERENCE=2 SPECIFICITY=1 NO_FABRICATION=4 CLINICAL_USE=2,2.0,3.0,2.0,1.0,4.0,2.0,2.333333333333333
T3_l2c,qwen7b,shuffled,202,OAS2_0174,SCORES: GROUNDING=2 BIOLOGY=3 COHERENCE=2 SPECIFICITY=1 NO_FABRICATION=3 CLINICAL_USE=2,2.0,3.0,2.0,1.0,3.0,2.0,2.1666666666666665
T3_l2c,qwen7b,genuine,150,OAS2_0119,SCORES: GROUNDING=4 BIOLOGY=4 COHERENCE=4 SPECIFICITY=4 NO_FABRICATION=4 CLINICAL_USE=4,4.0,4.0,4.0,4.0,4.0,4.0,4.0
T3_l2c,qwen7b,shuffled,107,OAS2_0079,SCORES: GROUNDING=3 BIOLOGY=3 COHERENCE=3 SPECIFICITY=2 NO_FABRICATION=4 CLINICAL_USE=3,3.0,3.0,3.0,2.0,4.0,3.0,3.0
T3_l2c,qwen7b,genuine,199,OAS2_0171,SCORES: GROUNDING=4 BIOLOGY=4 COHERENCE=4 SPECIFICITY=4 NO_FABRICATION=4 CLINICAL_USE=4,4.0,4.0,4.0,4.0,4.0,4.0,4.0
T3_l2c,qwen7b,shuffled,212,OAS2_0181,SCORES: GROUNDING=2 BIOLOGY=3 COHERENCE=2 SPECIFICITY=1 NO_FABRICATION=3 CLINICAL_USE=2,2.0,3.0,2.0,1.0,3.0,2.0,2.1666666666666665
T3_l2c,qwen7b,shuffled,216,OAS2_0183,SCORES: GROUNDING=2 BIOLOGY=3 COHERENCE=3 SPECIFICITY=2 NO_FABRICATION=4 CLINICAL_USE=3,2.0,3.0,3.0,2.0,4.0,3.0,2.833333333333333
T3_l2c,qwen7b,genuine,75,OAS2_0058,SCORES: GROUNDING=2 BIOLOGY=3 COHERENCE=3 SPECIFICITY=2 NO_FABRICATION=4 CLINICAL_USE=3,2.0,3.0,3.0,2.0,4.0,3.0,2.833333333333333
T3_l2c,qwen7b,shuffled,51,OAS2_0041,SCORES: GROUNDING=2 BIOLOGY=3 COHERENCE=3 SPECIFICITY=2 NO_FABRICATION=3 CLINICAL_USE=2,2.0,3.0,3.0,2.0,3.0,2.0,2.5
T3_l2c,qwen7b,shuffled,127,OAS2_0100,SCORES: GROUNDING=2 BIOLOGY=3 COHERENCE=2 SPECIFICITY=1 NO_FABRICATION=3 CLINICAL_USE=2,2.0,3.0,2.0,1.0,3.0,2.0,2.1666666666666665
T3_l2c,qwen7b,shuffled,71,OAS2_0055,SCORES: GROUNDING=2 BIOLOGY=3 COHERENCE=2 SPECIFICITY=1 NO_FABRICATION=3 CLINICAL_USE=2,2.0,3.0,2.0,1.0,3.0,2.0,2.1666666666666665
T3_l2c,qwen7b,shuffled,218,OAS2_0184,SCORES: GROUNDING=2 BIOLOGY=3 COHERENCE=2 SPECIFICITY=1 NO_FABRICATION=3 CLINICAL_USE=2,2.0,3.0,2.0,1.0,3.0,2.0,2.1666666666666665
T3_l2c,qwen7b,genuine,38,OAS2_0034,SCORES: GROUNDING=4 BIOLOGY=4 COHERENCE=4 SPECIFICITY=4 NO_FABRICATION=4 CLINICAL_USE=4,4.0,4.0,4.0,4.0,4.0,4.0,4.0
T3_l2c,qwen7b,genuine,41,OAS2_0036,SCORES: GROUNDING=4 BIOLOGY=4 COHERENCE=4 SPECIFICITY=4 NO_FABRICATION=4 CLINICAL_USE=4,4.0,4.0,4.0,4.0,4.0,4.0,4.0
T3_l2c,qwen7b,shuffled,123,OAS2_0096,SCORES: GROUNDING=2 BIOLOGY=3 COHERENCE=3 SPECIFICITY=2 NO_FABRICATION=4 CLINICAL_USE=3,2.0,3.0,3.0,2.0,4.0,3.0,2.833333333333333
T3_l2c,qwen7b,genuine,191,OAS2_0159,SCORES: GROUNDING=3 BIOLOGY=4 COHERENCE=3 SPECIFICITY=2 NO_FABRICATION=4 CLINICAL_USE=3,3.0,4.0,3.0,2.0,4.0,3.0,3.1666666666666665
T3_l2c,qwen7b,genuine,139,OAS2_0109,SCORES: GROUNDING=2 BIOLOGY=3 COHERENCE=3 SPECIFICITY=2 NO_FABRICATION=3 CLINICAL_USE=3,2.0,3.0,3.0,2.0,3.0,3.0,2.6666666666666665
T3_l2c,qwen7b,genuine,187,OAS2_0154,SCORES: GROUNDING=3 BIOLOGY=4 COHERENCE=3 SPECIFICITY=2 NO_FABRICATION=4 CLINICAL_USE=3,3.0,4.0,3.0,2.0,4.0,3.0,3.1666666666666665
T3_l2c,qwen7b,genuine,99,OAS2_0073,SCORES: GROUNDING=4 BIOLOGY=4 COHERENCE=4 SPECIFICITY=4 NO_FABRICATION=4 CLINICAL_USE=4,4.0,4.0,4.0,4.0,4.0,4.0,4.0
T3_l2c,qwen7b,genuine,64,OAS2_0049,SCORES: GROUNDING=4 BIOLOGY=4 COHERENCE=4 SPECIFICITY=4 NO_FABRICATION=4 CLINICAL_USE=4,4.0,4.0,4.0,4.0,4.0,4.0,4.0
T3_l2c,qwen7b,genuine,28,OAS2_0027,SCORES: GROUNDING=3 BIOLOGY=4 COHERENCE=3 SPECIFICITY=2 NO_FABRICATION=4 CLINICAL_USE=3,3.0,4.0,3.0,2.0,4.0,3.0,3.1666666666666665
T3_l2c,qwen7b,genuine,63,OAS2_0049,SCORES: GROUNDING=3 BIOLOGY=4 COHERENCE=3 SPECIFICITY=2 NO_FABRICATION=4 CLINICAL_USE=3,3.0,4.0,3.0,2.0,4.0,3.0,3.1666666666666665
T3_l2c,qwen7b,genuine,98,OAS2_0073,SCORES: GROUNDING=3 BIOLOGY=4 COHERENCE=3 SPECIFICITY=2 NO_FABRICATION=4 CLINICAL_USE=3,3.0,4.0,3.0,2.0,4.0,3.0,3.1666666666666665
T3_l2c,qwen7b,shuffled,70,OAS2_0054,SCORES: GROUNDING=2 BIOLOGY=3 COHERENCE=3 SPECIFICITY=2 NO_FABRICATION=4 CLINICAL_USE=3,2.0,3.0,3.0,2.0,4.0,3.0,2.833333333333333
T3_l2c,qwen7b,genuine,39,OAS2_0034,SCORES: GROUNDING=3 BIOLOGY=3 COHERENCE=3 SPECIFICITY=2 NO_FABRICATION=4 CLINICAL_USE=3,3.0,3.0,3.0,2.0,4.0,3.0,3.0
T3_l2c,qwen7b,shuffled,0,OAS2_0001,SCORES: GROUNDING=2 BIOLOGY=3 COHERENCE=2 SPECIFICITY=1 NO_FABRICATION=3 CLINICAL_USE=2,2.0,3.0,2.0,1.0,3.0,2.0,2.1666666666666665
T3_l2c,qwen7b,genuine,2,OAS2_0002,SCORES: GROUNDING=3 BIOLOGY=3 COHERENCE=3 SPECIFICITY=2 NO_FABRICATION=4 CLINICAL_USE=3,3.0,3.0,3.0,2.0,4.0,3.0,3.0
T3_l2c,qwen7b,shuffled,194,OAS2_0161,SCORES: GROUNDING=2 BIOLOGY=3 COHERENCE=3 SPECIFICITY=2 NO_FABRICATION=3 CLINICAL_USE=3,2.0,3.0,3.0,2.0,3.0,3.0,2.6666666666666665
T3_l2c,qwen7b,genuine,145,OAS2_0117,SCORES: GROUNDING=4 BIOLOGY=4 COHERENCE=3 SPECIFICITY=3 NO_FABRICATION=4 CLINICAL_USE=3,4.0,4.0,3.0,3.0,4.0,3.0,3.5
T3_l2c,qwen7b,genuine,135,OAS2_0104,SCORES: GROUNDING=3 BIOLOGY=3 COHERENCE=3 SPECIFICITY=2 NO_FABRICATION=4 CLINICAL_USE=3,3.0,3.0,3.0,2.0,4.0,3.0,3.0
T3_l2c,qwen7b,shuffled,153,OAS2_0122,SCORES: GROUNDING=2 BIOLOGY=3 COHERENCE=2 SPECIFICITY=1 NO_FABRICATION=3 CLINICAL_USE=2,2.0,3.0,2.0,1.0,3.0,2.0,2.1666666666666665
T3_l2c,qwen7b,shuffled,78,OAS2_0061,SCORES: GROUNDING=3 BIOLOGY=3 COHERENCE=3 SPECIFICITY=2 NO_FABRICATION=4 CLINICAL_USE=3,3.0,3.0,3.0,2.0,4.0,3.0,3.0
T3_l2c,qwen7b,genuine,196,OAS2_0164,SCORES: GROUNDING=3 BIOLOGY=3 COHERENCE=3 SPECIFICITY=2 NO_FABRICATION=4 CLINICAL_USE=3,3.0,3.0,3.0,2.0,4.0,3.0,3.0
T3_l2c,qwen7b,shuffled,156,OAS2_0126,SCORES: GROUNDING=3 BIOLOGY=4 COHERENCE=4 SPECIFICITY=2 NO_FABRICATION=3 CLINICAL_USE=3,3.0,4.0,4.0,2.0,3.0,3.0,3.1666666666666665
T3_l2c,qwen7b,shuffled,92,OAS2_0070,SCORES: GROUNDING=2 BIOLOGY=3 COHERENCE=2 SPECIFICITY=1 NO_FABRICATION=3 CLINICAL_USE=2,2.0,3.0,2.0,1.0,3.0,2.0,2.1666666666666665
T3_l2c,qwen7b,shuffled,193,OAS2_0161,SCORES: GROUNDING=2 BIOLOGY=3 COHERENCE=2 SPECIFICITY=1 NO_FABRICATION=3 CLINICAL_USE=2,2.0,3.0,2.0,1.0,3.0,2.0,2.1666666666666665
T3_l2c,qwen7b,shuffled,27,OAS2_0026,SCORES: GROUNDING=2 BIOLOGY=2 COHERENCE=2 SPECIFICITY=1 NO_FABRICATION=3 CLINICAL_USE=2,2.0,2.0,2.0,1.0,3.0,2.0,2.0
T3_l2c,qwen7b,shuffled,63,OAS2_0049,SCORES: GROUNDING=2 BIOLOGY=3 COHERENCE=2 SPECIFICITY=1 NO_FABRICATION=4 CLINICAL_USE=2,2.0,3.0,2.0,1.0,4.0,2.0,2.333333333333333
T3_l2c,qwen7b,genuine,91,OAS2_0070,SCORES: GROUNDING=3 BIOLOGY=3 COHERENCE=3 SPECIFICITY=2 NO_FABRICATION=4 CLINICAL_USE=3,3.0,3.0,3.0,2.0,4.0,3.0,3.0
T3_l2c,qwen7b,shuffled,106,OAS2_0079,SCORES: GROUNDING=2 BIOLOGY=3 COHERENCE=3 SPECIFICITY=2 NO_FABRICATION=3 CLINICAL_USE=3,2.0,3.0,3.0,2.0,3.0,3.0,2.6666666666666665
T3_l2c,qwen7b,shuffled,86,OAS2_0067,SCORES: GROUNDING=3 BIOLOGY=4 COHERENCE=3 SPECIFICITY=2 NO_FABRICATION=3 CLINICAL_USE=3,3.0,4.0,3.0,2.0,3.0,3.0,3.0
T3_l2c,qwen7b,genuine,23,OAS2_0020,SCORES: GROUNDING=3 BIOLOGY=3 COHERENCE=3 SPECIFICITY=2 NO_FABRICATION=4 CLINICAL_USE=3,3.0,3.0,3.0,2.0,4.0,3.0,3.0
T3_l2c,qwen7b,shuffled,99,OAS2_0073,SCORES: GROUNDING=2 BIOLOGY=2 COHERENCE=2 SPECIFICITY=1 NO_FABRICATION=3 CLINICAL_USE=2,2.0,2.0,2.0,1.0,3.0,2.0,2.0
T3_l2c,qwen7b,shuffled,152,OAS2_0121,SCORES: GROUNDING=2 BIOLOGY=3 COHERENCE=3 SPECIFICITY=2 NO_FABRICATION=4 CLINICAL_USE=3,2.0,3.0,3.0,2.0,4.0,3.0,2.833333333333333
T3_l2c,qwen7b,shuffled,121,OAS2_0095,SCORES: GROUNDING=3 BIOLOGY=4 COHERENCE=3 SPECIFICITY=2 NO_FABRICATION=3 CLINICAL_USE=2,3.0,4.0,3.0,2.0,3.0,2.0,2.833333333333333
T3_l2c,qwen7b,genuine,106,OAS2_0079,SCORES: GROUNDING=3 BIOLOGY=3 COHERENCE=3 SPECIFICITY=2 NO_FABRICATION=4 CLINICAL_USE=3,3.0,3.0,3.0,2.0,4.0,3.0,3.0
T3_l2c,qwen7b,genuine,207,OAS2_0176,SCORES: GROUNDING=3 BIOLOGY=3 COHERENCE=3 SPECIFICITY=2 NO_FABRICATION=4 CLINICAL_USE=3,3.0,3.0,3.0,2.0,4.0,3.0,3.0
T3_l2c,qwen7b,genuine,119,OAS2_0092,SCORES: GROUNDING=3 BIOLOGY=3 COHERENCE=3 SPECIFICITY=2 NO_FABRICATION=4 CLINICAL_USE=3,3.0,3.0,3.0,2.0,4.0,3.0,3.0
T3_l2c,qwen7b,shuffled,205,OAS2_0175,SCORES: GROUNDING=2 BIOLOGY=3 COHERENCE=3 SPECIFICITY=2 NO_FABRICATION=4 CLINICAL_USE=3,2.0,3.0,3.0,2.0,4.0,3.0,2.833333333333333
T3_l2c,qwen7b,genuine,166,OAS2_0134,SCORES: GROUNDING=3 BIOLOGY=4 COHERENCE=3 SPECIFICITY=2 NO_FABRICATION=4 CLINICAL_USE=3,3.0,4.0,3.0,2.0,4.0,3.0,3.1666666666666665
T3_l2c,qwen7b,shuffled,184,OAS2_0150,SCORES: GROUNDING=2 BIOLOGY=3 COHERENCE=3 SPECIFICITY=2 NO_FABRICATION=4 CLINICAL_USE=3,2.0,3.0,3.0,2.0,4.0,3.0,2.833333333333333
T3_l2c,qwen7b,shuffled,209,OAS2_0178,SCORES: GROUNDING=2 BIOLOGY=3 COHERENCE=2 SPECIFICITY=1 NO_FABRICATION=3 CLINICAL_USE=2,2.0,3.0,2.0,1.0,3.0,2.0,2.1666666666666665
T3_l2c,qwen7b,genuine,85,OAS2_0066,SCORES: GROUNDING=4 BIOLOGY=4 COHERENCE=4 SPECIFICITY=4 NO_FABRICATION=4 CLINICAL_USE=4,4.0,4.0,4.0,4.0,4.0,4.0,4.0
T3_l2c,qwen7b,genuine,93,OAS2_0070,SCORES: GROUNDING=3 BIOLOGY=4 COHERENCE=3 SPECIFICITY=2 NO_FABRICATION=4 CLINICAL_USE=3,3.0,4.0,3.0,2.0,4.0,3.0,3.1666666666666665
T3_l2c,qwen7b,genuine,167,OAS2_0135,SCORES: GROUNDING=3 BIOLOGY=2 COHERENCE=3 SPECIFICITY=2 NO_FABRICATION=4 CLINICAL_USE=3,3.0,2.0,3.0,2.0,4.0,3.0,2.833333333333333
T3_l2c,qwen7b,shuffled,39,OAS2_0034,SCORES: GROUNDING=2 BIOLOGY=3 COHERENCE=2 SPECIFICITY=1 NO_FABRICATION=3 CLINICAL_USE=2,2.0,3.0,2.0,1.0,3.0,2.0,2.1666666666666665
T3_l2c,qwen7b,genuine,133,OAS2_0103,SCORES: GROUNDING=3 BIOLOGY=3 COHERENCE=3 SPECIFICITY=2 NO_FABRICATION=4 CLINICAL_USE=3,3.0,3.0,3.0,2.0,4.0,3.0,3.0
T3_l2c,qwen7b,genuine,56,OAS2_0045,SCORES: GROUNDING=4 BIOLOGY=4 COHERENCE=4 SPECIFICITY=4 NO_FABRICATION=4 CLINICAL_USE=4,4.0,4.0,4.0,4.0,4.0,4.0,4.0
T3_l2c,qwen7b,shuffled,145,OAS2_0117,SCORES: GROUNDING=2 BIOLOGY=2 COHERENCE=2 SPECIFICITY=1 NO_FABRICATION=3 CLINICAL_USE=2,2.0,2.0,2.0,1.0,3.0,2.0,2.0
T3_l2c,qwen7b,genuine,78,OAS2_0061,SCORES: GROUNDING=4 BIOLOGY=4 COHERENCE=4 SPECIFICITY=4 NO_FABRICATION=4 CLINICAL_USE=4,4.0,4.0,4.0,4.0,4.0,4.0,4.0
T3_l2c,qwen7b,genuine,137,OAS2_0106,SCORES: GROUNDING=2 BIOLOGY=3 COHERENCE=3 SPECIFICITY=2 NO_FABRICATION=4 CLINICAL_USE=3,2.0,3.0,3.0,2.0,4.0,3.0,2.833333333333333
T3_l2c,qwen7b,shuffled,53,OAS2_0043,SCORES: GROUNDING=2 BIOLOGY=3 COHERENCE=2 SPECIFICITY=1 NO_FABRICATION=3 CLINICAL_USE=2,2.0,3.0,2.0,1.0,3.0,2.0,2.1666666666666665
T3_l2c,qwen7b,shuffled,80,OAS2_0062,SCORES: GROUNDING=3 BIOLOGY=4 COHERENCE=3 SPECIFICITY=2 NO_FABRICATION=4 CLINICAL_USE=3,3.0,4.0,3.0,2.0,4.0,3.0,3.1666666666666665
T3_l2c,qwen7b,genuine,20,OAS2_0018,SCORES: GROUNDING=3 BIOLOGY=4 COHERENCE=3 SPECIFICITY=2 NO_FABRICATION=4 CLINICAL_USE=3,3.0,4.0,3.0,2.0,4.0,3.0,3.1666666666666665
T3_l2c,qwen7b,genuine,221,OAS2_0186,SCORES: GROUNDING=3 BIOLOGY=3 COHERENCE=3 SPECIFICITY=2 NO_FABRICATION=4 CLINICAL_USE=3,3.0,3.0,3.0,2.0,4.0,3.0,3.0
T3_l2c,qwen7b,genuine,215,OAS2_0183,SCORES: GROUNDING=4 BIOLOGY=4 COHERENCE=4 SPECIFICITY=4 NO_FABRICATION=4 CLINICAL_USE=4,4.0,4.0,4.0,4.0,4.0,4.0,4.0
T3_l2c,qwen7b,shuffled,20,OAS2_0018,SCORES: GROUNDING=3 BIOLOGY=4 COHERENCE=3 SPECIFICITY=2 NO_FABRICATION=4 CLINICAL_USE=3,3.0,4.0,3.0,2.0,4.0,3.0,3.1666666666666665
T3_l2c,qwen7b,genuine,157,OAS2_0127,SCORES: GROUNDING=3 BIOLOGY=3 COHERENCE=3 SPECIFICITY=2 NO_FABRICATION=4 CLINICAL_USE=3,3.0,3.0,3.0,2.0,4.0,3.0,3.0
T3_l2c,qwen7b,shuffled,43,OAS2_0036,SCORES: GROUNDING=2 BIOLOGY=3 COHERENCE=3 SPECIFICITY=2 NO_FABRICATION=4 CLINICAL_USE=3,2.0,3.0,3.0,2.0,4.0,3.0,2.833333333333333
T3_l2c,qwen7b,genuine,165,OAS2_0133,SCORES: GROUNDING=2 BIOLOGY=3 COHERENCE=3 SPECIFICITY=2 NO_FABRICATION=4 CLINICAL_USE=3,2.0,3.0,3.0,2.0,4.0,3.0,2.833333333333333
T3_l2c,qwen7b,shuffled,147,OAS2_0117,SCORES: GROUNDING=2 BIOLOGY=2 COHERENCE=2 SPECIFICITY=1 NO_FABRICATION=3 CLINICAL_USE=2,2.0,2.0,2.0,1.0,3.0,2.0,2.0
T3_l2c,qwen7b,shuffled,163,OAS2_0129,SCORES: GROUNDING=3 BIOLOGY=3 COHERENCE=3 SPECIFICITY=2 NO_FABRICATION=4 CLINICAL_USE=3,3.0,3.0,3.0,2.0,4.0,3.0,3.0
T3_l2c,qwen7b,shuffled,166,OAS2_0134,SCORES: GROUNDING=2 BIOLOGY=3 COHERENCE=3 SPECIFICITY=2 NO_FABRICATION=4 CLINICAL_USE=3,2.0,3.0,3.0,2.0,4.0,3.0,2.833333333333333
T3_l2c,qwen7b,genuine,147,OAS2_0117,SCORES: GROUNDING=4 BIOLOGY=4 COHERENCE=4 SPECIFICITY=4 NO_FABRICATION=4 CLINICAL_USE=4,4.0,4.0,4.0,4.0,4.0,4.0,4.0
T3_l2c,qwen7b,shuffled,207,OAS2_0176,SCORES: GROUNDING=3 BIOLOGY=4 COHERENCE=3 SPECIFICITY=2 NO_FABRICATION=3 CLINICAL_USE=3,3.0,4.0,3.0,2.0,3.0,3.0,3.0
T3_l2c,qwen7b,shuffled,116,OAS2_0090,SCORES: GROUNDING=3 BIOLOGY=4 COHERENCE=3 SPECIFICITY=2 NO_FABRICATION=3 CLINICAL_USE=3,3.0,4.0,3.0,2.0,3.0,3.0,3.0
T3_l2c,qwen7b,shuffled,118,OAS2_0091,SCORES: GROUNDING=2 BIOLOGY=2 COHERENCE=2 SPECIFICITY=1 NO_FABRICATION=3 CLINICAL_USE=2,2.0,2.0,2.0,1.0,3.0,2.0,2.0
T3_l2c,qwen7b,shuffled,82,OAS2_0063,SCORES: GROUNDING=2 BIOLOGY=3 COHERENCE=3 SPECIFICITY=2 NO_FABRICATION=3 CLINICAL_USE=2,2.0,3.0,3.0,2.0,3.0,2.0,2.5
T3_l2c,qwen7b,shuffled,186,OAS2_0152,SCORES: GROUNDING=2 BIOLOGY=3 COHERENCE=2 SPECIFICITY=1 NO_FABRICATION=3 CLINICAL_USE=2,2.0,3.0,2.0,1.0,3.0,2.0,2.1666666666666665
T3_l2c,qwen7b,shuffled,46,OAS2_0037,SCORES: GROUNDING=2 BIOLOGY=3 COHERENCE=3 SPECIFICITY=1 NO_FABRICATION=3 CLINICAL_USE=2,2.0,3.0,3.0,1.0,3.0,2.0,2.333333333333333
T3_l2c,qwen7b,genuine,14,OAS2_0013,SCORES: GROUNDING=4 BIOLOGY=4 COHERENCE=4 SPECIFICITY=4 NO_FABRICATION=4 CLINICAL_USE=4,4.0,4.0,4.0,4.0,4.0,4.0,4.0
T3_l2c,qwen7b,shuffled,41,OAS2_0036,SCORES: GROUNDING=2 BIOLOGY=3 COHERENCE=3 SPECIFICITY=1 NO_FABRICATION=3 CLINICAL_USE=2,2.0,3.0,3.0,1.0,3.0,2.0,2.333333333333333
T3_l2c,qwen7b,genuine,53,OAS2_0043,SCORES: GROUNDING=3 BIOLOGY=3 COHERENCE=3 SPECIFICITY=2 NO_FABRICATION=4 CLINICAL_USE=3,3.0,3.0,3.0,2.0,4.0,3.0,3.0
T3_l2c,qwen7b,genuine,148,OAS2_0118,SCORES: GROUNDING=4 BIOLOGY=4 COHERENCE=4 SPECIFICITY=4 NO_FABRICATION=4 CLINICAL_USE=4,4.0,4.0,4.0,4.0,4.0,4.0,4.0
T3_l2c,qwen7b,genuine,209,OAS2_0178,SCORES: GROUNDING=3 BIOLOGY=4 COHERENCE=3 SPECIFICITY=3 NO_FABRICATION=4 CLINICAL_USE=3,3.0,4.0,3.0,3.0,4.0,3.0,3.333333333333333
T3_l2c,qwen7b,shuffled,40,OAS2_0035,SCORES: GROUNDING=2 BIOLOGY=3 COHERENCE=3 SPECIFICITY=2 NO_FABRICATION=3 CLINICAL_USE=3,2.0,3.0,3.0,2.0,3.0,3.0,2.6666666666666665
T3_l2c,qwen7b,genuine,30,OAS2_0027,SCORES: GROUNDING=4 BIOLOGY=4 COHERENCE=4 SPECIFICITY=3 NO_FABRICATION=4 CLINICAL_USE=3,4.0,4.0,4.0,3.0,4.0,3.0,3.6666666666666665
T3_l2c,qwen7b,genuine,107,OAS2_0079,SCORES: GROUNDING=4 BIOLOGY=4 COHERENCE=4 SPECIFICITY=3 NO_FABRICATION=4 CLINICAL_USE=3,4.0,4.0,4.0,3.0,4.0,3.0,3.6666666666666665
T3_l2c,qwen7b,genuine,59,OAS2_0048,SCORES: GROUNDING=3 BIOLOGY=3 COHERENCE=3 SPECIFICITY=2 NO_FABRICATION=4 CLINICAL_USE=3,3.0,3.0,3.0,2.0,4.0,3.0,3.0
T3_l2c,qwen7b,genuine,40,OAS2_0035,SCORES: GROUNDING=3 BIOLOGY=3 COHERENCE=3 SPECIFICITY=2 NO_FABRICATION=4 CLINICAL_USE=3,3.0,3.0,3.0,2.0,4.0,3.0,3.0
T3_l2c,qwen7b,shuffled,28,OAS2_0027,SCORES: GROUNDING=2 BIOLOGY=3 COHERENCE=3 SPECIFICITY=2 NO_FABRICATION=3 CLINICAL_USE=3,2.0,3.0,3.0,2.0,3.0,3.0,2.6666666666666665
T3_l2c,qwen7b,shuffled,148,OAS2_0118,SCORES: GROUNDING=2 BIOLOGY=3 COHERENCE=3 SPECIFICITY=2 NO_FABRICATION=3 CLINICAL_USE=2,2.0,3.0,3.0,2.0,3.0,2.0,2.5
